ProteinID	Gene
4F2+AF8-HUMAN	SLC3A2
5HT1A+AF8-HUMAN	HTR1A
5HT1B+AF8-HUMAN	HTR1B
5HT1D+AF8-HUMAN	HTR1D
5HT1E+AF8-HUMAN	HTR1E
5HT1F+AF8-HUMAN	HTR1F
5HT2A+AF8-HUMAN	HTR2A
5HT2B+AF8-HUMAN	HTR2B
5HT2C+AF8-HUMAN	HTR2C
5HT3A+AF8-HUMAN	HTR3A
5HT3B+AF8-HUMAN	HTR3B
5HT3C+AF8-HUMAN	HTR3C
5HT3D+AF8-HUMAN	HTR3D
5HT3E+AF8-HUMAN	HTR3E
5HT4R+AF8-HUMAN	HTR4
5HT5A+AF8-HUMAN	HTR5A
5HT6R+AF8-HUMAN	HTR6
5HT7R+AF8-HUMAN	HTR7
5NTD+AF8-HUMAN	NT5E
A4+AF8-HUMAN	APP
AA1R+AF8-HUMAN	ADORA1
AA2AR+AF8-HUMAN	ADORA2A
AA2BR+AF8-HUMAN	ADORA2B
AA3R+AF8-HUMAN	ADORA3
AAA1+AF8-HUMAN	SLC7A10
AAAT+AF8-HUMAN	SLC1A5
ABCA1+AF8-HUMAN	ABCA1
ABCA2+AF8-HUMAN	ABCA2
ABCA3+AF8-HUMAN	ABCA3
ABCA4+AF8-HUMAN	ABCA4
ABCA5+AF8-HUMAN	ABCA5
ABCA6+AF8-HUMAN	ABCA6
ABCA7+AF8-HUMAN	ABCA7
ABCA8+AF8-HUMAN	ABCA8
ABCA9+AF8-HUMAN	ABCA9
ABCAC+AF8-HUMAN	ABCA12
ABCAD+AF8-HUMAN	ABCA13
ABCB5+AF8-HUMAN	ABCB5
ABCB9+AF8-HUMAN	ABCB9
ABCBB+AF8-HUMAN	ABCB11
ABCC9+AF8-HUMAN	ABCC9
ABCG2+AF8-HUMAN	ABCG2
ABCG4+AF8-HUMAN	ABCG4
ABCG5+AF8-HUMAN	ABCG5
ACATN+AF8-HUMAN	SLC33A1
ACE2+AF8-HUMAN	ACE2
ACES+AF8-HUMAN	ACHE
ACE+AF8-HUMAN	ACE
ACH10+AF8-HUMAN	CHRNA10
ACHA2+AF8-HUMAN	CHRNA2
ACHA3+AF8-HUMAN	CHRNA3
ACHA4+AF8-HUMAN	CHRNA4
ACHA5+AF8-HUMAN	CHRNA5
ACHA6+AF8-HUMAN	CHRNA6
ACHA7+AF8-HUMAN	CHRNA7
ACHA9+AF8-HUMAN	CHRNA9
ACHA+AF8-HUMAN	CHRNA1
ACHB2+AF8-HUMAN	CHRNB2
ACHB3+AF8-HUMAN	CHRNB3
ACHB4+AF8-HUMAN	CHRNB4
ACHB+AF8-HUMAN	CHRNB1
ACHD+AF8-HUMAN	CHRND
ACHE+AF8-HUMAN	CHRNE
ACHG+AF8-HUMAN	CHRNG
ACKR1+AF8-HUMAN	ACKR1
ACKR2+AF8-HUMAN	ACKR2
ACKR3+AF8-HUMAN	ACKR3
ACKR4+AF8-HUMAN	ACKR4
ACM1+AF8-HUMAN	CHRM1
ACM2+AF8-HUMAN	CHRM2
ACM3+AF8-HUMAN	CHRM3
ACM4+AF8-HUMAN	CHRM4
ACM5+AF8-HUMAN	CHRM5
ACTHR+AF8-HUMAN	MC2R
ACV1B+AF8-HUMAN	ACVR1B
ACV1C+AF8-HUMAN	ACVR1C
ACVL1+AF8-HUMAN	ACVRL1
ACVR1+AF8-HUMAN	ACVR1
ADA10+AF8-HUMAN	ADAM10
ADA11+AF8-HUMAN	ADAM11
ADA12+AF8-HUMAN	ADAM12
ADA15+AF8-HUMAN	ADAM15
ADA17+AF8-HUMAN	ADAM17
ADA18+AF8-HUMAN	ADAM18
ADA19+AF8-HUMAN	ADAM19
ADA1A+AF8-HUMAN	ADRA1A
ADA1B+AF8-HUMAN	ADRA1B
ADA1D+AF8-HUMAN	ADRA1D
ADA20+AF8-HUMAN	ADAM20
ADA21+AF8-HUMAN	ADAM21
ADA22+AF8-HUMAN	ADAM22
ADA23+AF8-HUMAN	ADAM23
ADA28+AF8-HUMAN	ADAM28
ADA29+AF8-HUMAN	ADAM29
ADA2A+AF8-HUMAN	ADRA2A
ADA2B+AF8-HUMAN	ADRA2B
ADA2C+AF8-HUMAN	ADRA2C
ADA30+AF8-HUMAN	ADAM30
ADA32+AF8-HUMAN	ADAM32
ADA33+AF8-HUMAN	ADAM33
ADAM2+AF8-HUMAN	ADAM2
ADAM7+AF8-HUMAN	ADAM7
ADAM8+AF8-HUMAN	ADAM8
ADAM9+AF8-HUMAN	ADAM9
ADCY2+AF8-HUMAN	ADCY2
ADCY3+AF8-HUMAN	ADCY3
ADCY5+AF8-HUMAN	ADCY5
ADCY6+AF8-HUMAN	ADCY6
ADCY7+AF8-HUMAN	ADCY7
ADCY9+AF8-HUMAN	ADCY9
ADRB1+AF8-HUMAN	ADRB1
ADRB2+AF8-HUMAN	ADRB2
ADRB3+AF8-HUMAN	ADRB3
AEGP+AF8-HUMAN	MAMDC4
AGTR1+AF8-HUMAN	AGTR1
AGTR2+AF8-HUMAN	AGTR2
AJAP1+AF8-HUMAN	AJAP1
ALK+AF8-HUMAN	ALK
AMD+AF8-HUMAN	PAM
AMGO1+AF8-HUMAN	AMIGO1
AMGO2+AF8-HUMAN	AMIGO2
AMGO3+AF8-HUMAN	AMIGO3
AMHR2+AF8-HUMAN	AMHR2
AMNLS+AF8-HUMAN	AMN
AMPE+AF8-HUMAN	ENPEP
AMPN+AF8-HUMAN	ANPEP
ANKH+AF8-HUMAN	ANKH
ANO1+AF8-HUMAN	ANO1
ANO2+AF8-HUMAN	ANO2
ANO3+AF8-HUMAN	ANO3
ANO5+AF8-HUMAN	ANO5
ANO6+AF8-HUMAN	ANO6
ANO7+AF8-HUMAN	ANO7
ANO9+AF8-HUMAN	ANO9
ANPRA+AF8-HUMAN	NPR1
ANPRB+AF8-HUMAN	NPR2
ANPRC+AF8-HUMAN	NPR3
ANTR1+AF8-HUMAN	ANTXR1
ANTR2+AF8-HUMAN	ANTXR2
ANTRL+AF8-HUMAN	ANTXRL
AOC3+AF8-HUMAN	AOC3
APCD1+AF8-HUMAN	APCDD1
APJ+AF8-HUMAN	APLNR
APLP1+AF8-HUMAN	APLP1
APLP2+AF8-HUMAN	APLP2
AQP10+AF8-HUMAN	AQP10
AQP1+AF8-HUMAN	AQP1
AQP2+AF8-HUMAN	AQP2
AQP4+AF8-HUMAN	AQP4
AQP5+AF8-HUMAN	AQP5
AQP8+AF8-HUMAN	AQP8
AQP9+AF8-HUMAN	AQP9
ARAID+AF8-HUMAN	ATRAID
AREG+AF8-HUMAN	AREG
ASGR1+AF8-HUMAN	ASGR1
ASGR2+AF8-HUMAN	ASGR2
ASIC1+AF8-HUMAN	ASIC1
ASIC4+AF8-HUMAN	ASIC4
ASIC5+AF8-HUMAN	ASIC5
ASTN1+AF8-HUMAN	ASTN1
ASTN2+AF8-HUMAN	ASTN2
AT131+AF8-HUMAN	ATP13A1
AT132+AF8-HUMAN	ATP13A2
AT133+AF8-HUMAN	ATP13A3
AT135+AF8-HUMAN	ATP13A5
AT1A1+AF8-HUMAN	ATP1A1
AT1A2+AF8-HUMAN	ATP1A2
AT1A3+AF8-HUMAN	ATP1A3
AT1A4+AF8-HUMAN	ATP1A4
AT1B1+AF8-HUMAN	ATP1B1
AT1B2+AF8-HUMAN	ATP1B2
AT1B3+AF8-HUMAN	ATP1B3
AT1B4+AF8-HUMAN	ATP1B4
AT2B2+AF8-HUMAN	ATP2B2
AT2B3+AF8-HUMAN	ATP2B3
AT2B4+AF8-HUMAN	ATP2B4
ATG9A+AF8-HUMAN	ATG9A
ATP4B+AF8-HUMAN	ATP4B
ATRN1+AF8-HUMAN	ATRNL1
ATRN+AF8-HUMAN	ATRN
AVR2A+AF8-HUMAN	ACVR2A
AVR2B+AF8-HUMAN	ACVR2B
B3AT+AF8-HUMAN	SLC4A1
BACE1+AF8-HUMAN	BACE1
BACE2+AF8-HUMAN	BACE2
BAMBI+AF8-HUMAN	BAMBI
BASI+AF8-HUMAN	BSG
BAT1+AF8-HUMAN	SLC7A9
BCAM+AF8-HUMAN	BCAM
BEST2+AF8-HUMAN	BEST2
BEST4+AF8-HUMAN	BEST4
BKRB1+AF8-HUMAN	BDKRB1
BKRB2+AF8-HUMAN	BDKRB2
BMPR2+AF8-HUMAN	BMPR2
BMR1A+AF8-HUMAN	BMPR1A
BOC+AF8-HUMAN	BOC
BRS3+AF8-HUMAN	BRS3
BST1+AF8-HUMAN	BST1
BST2+AF8-HUMAN	BST2
BT1A1+AF8-HUMAN	BTN1A1
BT2A1+AF8-HUMAN	BTN2A1
BT2A2+AF8-HUMAN	BTN2A2
BT2A3+AF8-HUMAN	BTN2A3P
BT3A1+AF8-HUMAN	BTN3A1
BT3A2+AF8-HUMAN	BTN3A2
BT3A3+AF8-HUMAN	BTN3A3
BTC+AF8-HUMAN	BTC
BTLA+AF8-HUMAN	BTLA
BTNL3+AF8-HUMAN	BTNL3
BTNL9+AF8-HUMAN	BTNL9
BTNLA+AF8-HUMAN	BTNL10P
BY55+AF8-HUMAN	CD160
C163A+AF8-HUMAN	CD163
C163B+AF8-HUMAN	CD163L1
C16L2+AF8-HUMAN	CD164L2
C1QR1+AF8-HUMAN	CD93
C3AR+AF8-HUMAN	C3AR1
C5AR1+AF8-HUMAN	C5AR1
C5AR2+AF8-HUMAN	C5AR2
CA159+AF8-HUMAN	C1orf159
CAC1C+AF8-HUMAN	CACNA1C
CAC1G+AF8-HUMAN	CACNA1G
CAC1I+AF8-HUMAN	CACNA1I
CAD10+AF8-HUMAN	CDH10
CAD11+AF8-HUMAN	CDH11
CAD12+AF8-HUMAN	CDH12
CAD13+AF8-HUMAN	CDH13
CAD15+AF8-HUMAN	CDH15
CAD16+AF8-HUMAN	CDH16
CAD17+AF8-HUMAN	CDH17
CAD18+AF8-HUMAN	CDH18
CAD19+AF8-HUMAN	CDH19
CAD20+AF8-HUMAN	CDH20
CAD22+AF8-HUMAN	CDH22
CAD23+AF8-HUMAN	CDH23
CAD24+AF8-HUMAN	CDH24
CAD26+AF8-HUMAN	CDH26
CADH1+AF8-HUMAN	CDH1
CADH2+AF8-HUMAN	CDH2
CADH3+AF8-HUMAN	CDH3
CADH4+AF8-HUMAN	CDH4
CADH5+AF8-HUMAN	CDH5
CADH6+AF8-HUMAN	CDH6
CADH7+AF8-HUMAN	CDH7
CADH8+AF8-HUMAN	CDH8
CADH9+AF8-HUMAN	CDH9
CADM1+AF8-HUMAN	CADM1
CADM2+AF8-HUMAN	CADM2
CADM3+AF8-HUMAN	CADM3
CADM4+AF8-HUMAN	CADM4
CAH12+AF8-HUMAN	CA12
CAH14+AF8-HUMAN	CA14
CAH4+AF8-HUMAN	CA4
CAHD1+AF8-HUMAN	CACHD1
CAHM2+AF8-HUMAN	CALHM2
CALCR+AF8-HUMAN	CALCR
CALRL+AF8-HUMAN	CALCRL
CALY+AF8-HUMAN	CALY
CASD1+AF8-HUMAN	CASD1
CASR+AF8-HUMAN	CASR
CBPD+AF8-HUMAN	CPD
CBPM+AF8-HUMAN	CPM
CC080+AF8-HUMAN	C3orf80
CC50A+AF8-HUMAN	TMEM30A
CC50C+AF8-HUMAN	TMEM30CP
CCG1+AF8-HUMAN	CACNG1
CCG2+AF8-HUMAN	CACNG2
CCG3+AF8-HUMAN	CACNG3
CCG4+AF8-HUMAN	CACNG4
CCG5+AF8-HUMAN	CACNG5
CCG6+AF8-HUMAN	CACNG6
CCG7+AF8-HUMAN	CACNG7
CCG8+AF8-HUMAN	CACNG8
CCGL+AF8-HUMAN	TMEM37
CCKAR+AF8-HUMAN	CCKAR
CCR10+AF8-HUMAN	CCR10
CCR1+AF8-HUMAN	CCR1
CCR2+AF8-HUMAN	CCR2
CCR3+AF8-HUMAN	CCR3
CCR4+AF8-HUMAN	CCR4
CCR5+AF8-HUMAN	CCR5
CCR6+AF8-HUMAN	CCR6
CCR7+AF8-HUMAN	CCR7
CCR8+AF8-HUMAN	CCR8
CCR9+AF8-HUMAN	CCR9
CCRL2+AF8-HUMAN	CCRL2
CD109+AF8-HUMAN	CD109
CD14+AF8-HUMAN	CD14
CD151+AF8-HUMAN	CD151
CD166+AF8-HUMAN	ALCAM
CD177+AF8-HUMAN	CD177
CD180+AF8-HUMAN	CD180
CD19+AF8-HUMAN	CD19
CD1A+AF8-HUMAN	CD1A
CD1B+AF8-HUMAN	CD1B
CD1C+AF8-HUMAN	CD1C
CD1D+AF8-HUMAN	CD1D
CD1E+AF8-HUMAN	CD1E
CD20+AF8-HUMAN	MS4A1
CD226+AF8-HUMAN	CD226
CD22+AF8-HUMAN	CD22
CD244+AF8-HUMAN	CD244
CD248+AF8-HUMAN	CD248
CD24+AF8-HUMAN	CD24
CD276+AF8-HUMAN	CD276
CD27+AF8-HUMAN	CD27
CD28+AF8-HUMAN	CD28
CD2+AF8-HUMAN	CD2
CD302+AF8-HUMAN	CD302
CD320+AF8-HUMAN	CD320
CD33+AF8-HUMAN	CD33
CD34+AF8-HUMAN	CD34
CD36+AF8-HUMAN	CD36
CD37+AF8-HUMAN	CD37
CD38+AF8-HUMAN	CD38
CD3D+AF8-HUMAN	CD3D
CD3G+AF8-HUMAN	CD3G
CD40L+AF8-HUMAN	CD40LG
CD44+AF8-HUMAN	CD44
CD47+AF8-HUMAN	CD47
CD48+AF8-HUMAN	CD48
CD4+AF8-HUMAN	CD4
CD52+AF8-HUMAN	CD52
CD53+AF8-HUMAN	CD53
CD59+AF8-HUMAN	CD59
CD5+AF8-HUMAN	CD5
CD63+AF8-HUMAN	CD63
CD68+AF8-HUMAN	CD68
CD69+AF8-HUMAN	CD69
CD6+AF8-HUMAN	CD6
CD70+AF8-HUMAN	CD70
CD79A+AF8-HUMAN	CD79A
CD79B+AF8-HUMAN	CD79B
CD7+AF8-HUMAN	CD7
CD80+AF8-HUMAN	CD80
CD82+AF8-HUMAN	CD82
CD83+AF8-HUMAN	CD83
CD86+AF8-HUMAN	CD86
CD8A+AF8-HUMAN	CD8A
CD8B+AF8-HUMAN	CD8B
CD9+AF8-HUMAN	CD9
CDCP1+AF8-HUMAN	CDCP1
CDHR1+AF8-HUMAN	CDHR1
CDHR2+AF8-HUMAN	CDHR2
CDHR3+AF8-HUMAN	CDHR3
CDHR4+AF8-HUMAN	CDHR4
CDHR5+AF8-HUMAN	CDHR5
CDON+AF8-HUMAN	CDON
CEA19+AF8-HUMAN	CEACAM19
CEA20+AF8-HUMAN	CEACAM20
CEA21+AF8-HUMAN	CEACAM21
CEAM1+AF8-HUMAN	CEACAM1
CEAM3+AF8-HUMAN	CEACAM3
CEAM4+AF8-HUMAN	CEACAM4
CEAM5+AF8-HUMAN	CEACAM5
CEAM6+AF8-HUMAN	CEACAM6
CEAM7+AF8-HUMAN	CEACAM7
CEAM8+AF8-HUMAN	CEACAM8
CELR1+AF8-HUMAN	CELSR1
CELR2+AF8-HUMAN	CELSR2
CELR3+AF8-HUMAN	CELSR3
CFC1+AF8-HUMAN	CFC1
CGT+AF8-HUMAN	UGT8
CHODL+AF8-HUMAN	CHODL
CHPT1+AF8-HUMAN	CHPT1
CK024+AF8-HUMAN	C11orf24
CK087+AF8-HUMAN	C11orf87
CL12A+AF8-HUMAN	CLEC12A
CL12B+AF8-HUMAN	CLEC12B
CL17A+AF8-HUMAN	CLEC17A
CLC14+AF8-HUMAN	CLEC14A
CLC1A+AF8-HUMAN	CLEC1A
CLC1B+AF8-HUMAN	CLEC1B
CLC2D+AF8-HUMAN	CLEC2D
CLC4G+AF8-HUMAN	CLEC4G
CLC4M+AF8-HUMAN	CLEC4M
CLC5A+AF8-HUMAN	CLEC5A
CLC7A+AF8-HUMAN	CLEC7A
CLC9A+AF8-HUMAN	CLEC9A
CLCA2+AF8-HUMAN	CLCA2
CLCA4+AF8-HUMAN	CLCA4
CLCKB+AF8-HUMAN	CLCNKB
CLD10+AF8-HUMAN	CLDN10
CLD11+AF8-HUMAN	CLDN11
CLD12+AF8-HUMAN	CLDN12
CLD15+AF8-HUMAN	CLDN15
CLD16+AF8-HUMAN	CLDN16
CLD18+AF8-HUMAN	CLDN18
CLD19+AF8-HUMAN	CLDN19
CLD1+AF8-HUMAN	CLDN1
CLD20+AF8-HUMAN	CLDN20
CLD22+AF8-HUMAN	CLDN22
CLD24+AF8-HUMAN	CLDN24
CLD2+AF8-HUMAN	CLDN2
CLD3+AF8-HUMAN	CLDN3
CLD4+AF8-HUMAN	CLDN4
CLD6+AF8-HUMAN	CLDN6
CLD7+AF8-HUMAN	CLDN7
CLD8+AF8-HUMAN	CLDN8
CLD9+AF8-HUMAN	CLDN9
CLDN1+AF8-HUMAN	CLDND1
CLM1+AF8-HUMAN	CD300LF
CLM2+AF8-HUMAN	CD300E
CLM6+AF8-HUMAN	CD300C
CLM8+AF8-HUMAN	CD300A
CLM9+AF8-HUMAN	CD300LG
CLMP+AF8-HUMAN	CLMP
CLN3+AF8-HUMAN	CLN3
CLRN1+AF8-HUMAN	CLRN1
CLRN2+AF8-HUMAN	CLRN2
CLTR1+AF8-HUMAN	CYSLTR1
CLTR2+AF8-HUMAN	CYSLTR2
CML1+AF8-HUMAN	CMKLR1
CN132+AF8-HUMAN	C14orf132
CNNM2+AF8-HUMAN	CNNM2
CNNM3+AF8-HUMAN	CNNM3
CNNM4+AF8-HUMAN	CNNM4
CNR1+AF8-HUMAN	CNR1
CNR2+AF8-HUMAN	CNR2
CNT3B+AF8-HUMAN	CNTNAP3B
CNTFR+AF8-HUMAN	CNTFR
CNTN1+AF8-HUMAN	CNTN1
CNTN2+AF8-HUMAN	CNTN2
CNTN3+AF8-HUMAN	CNTN3
CNTN4+AF8-HUMAN	CNTN4
CNTN5+AF8-HUMAN	CNTN5
CNTN6+AF8-HUMAN	CNTN6
CNTP1+AF8-HUMAN	CNTNAP1
CNTP2+AF8-HUMAN	CNTNAP2
CNTP3+AF8-HUMAN	CNTNAP3
CNTP4+AF8-HUMAN	CNTNAP4
CNTP5+AF8-HUMAN	CNTNAP5
COPT1+AF8-HUMAN	SLC31A1
CORIN+AF8-HUMAN	CORIN
CR1+AF8-HUMAN	CR1
CR2+AF8-HUMAN	CR2
CRFR1+AF8-HUMAN	CRHR1
CRFR2+AF8-HUMAN	CRHR2
CRIM1+AF8-HUMAN	CRIM1
CRLF2+AF8-HUMAN	CRLF2
CRTAM+AF8-HUMAN	CRTAM
CRUM1+AF8-HUMAN	CRB1
CRUM2+AF8-HUMAN	CRB2
CRUM3+AF8-HUMAN	CRB3
CS018+AF8-HUMAN	C19orf18
CSC1+AF8-HUMAN	TMEM63C
CSCL1+AF8-HUMAN	TMEM63A
CSCL2+AF8-HUMAN	TMEM63B
CSF1R+AF8-HUMAN	CSF1R
CSF1+AF8-HUMAN	CSF1
CSF2R+AF8-HUMAN	CSF2RA
CSF3R+AF8-HUMAN	CSF3R
CSMD1+AF8-HUMAN	CSMD1
CSMD2+AF8-HUMAN	CSMD2
CSPG4+AF8-HUMAN	CSPG4
CSPG5+AF8-HUMAN	CSPG5
CSTN1+AF8-HUMAN	CLSTN1
CSTN2+AF8-HUMAN	CLSTN2
CSTN3+AF8-HUMAN	CLSTN3
CTL1+AF8-HUMAN	SLC44A1
CTL2+AF8-HUMAN	SLC44A2
CTL3+AF8-HUMAN	SLC44A3
CTL4+AF8-HUMAN	SLC44A4
CTL5+AF8-HUMAN	SLC44A5
CTLA4+AF8-HUMAN	CTLA4
CTNS+AF8-HUMAN	CTNS
CTR1+AF8-HUMAN	SLC7A1
CTR2+AF8-HUMAN	SLC7A2
CTR3+AF8-HUMAN	SLC7A3
CTR4+AF8-HUMAN	SLC7A4
CTSRD+AF8-HUMAN	CATSPERD
CTSRG+AF8-HUMAN	CATSPERG
CUZD1+AF8-HUMAN	CUZD1
CX3C1+AF8-HUMAN	CX3CR1
CXA1+AF8-HUMAN	GJA1
CXA3+AF8-HUMAN	GJA3
CXA4+AF8-HUMAN	GJA4
CXAR+AF8-HUMAN	CXADR
CXB1+AF8-HUMAN	GJB1
CXB2+AF8-HUMAN	GJB2
CXB3+AF8-HUMAN	GJB3
CXB4+AF8-HUMAN	GJB4
CXB5+AF8-HUMAN	GJB5
CXB6+AF8-HUMAN	GJB6
CXB7+AF8-HUMAN	GJB7
CXCR1+AF8-HUMAN	CXCR1
CXCR2+AF8-HUMAN	CXCR2
CXCR3+AF8-HUMAN	CXCR3
CXCR4+AF8-HUMAN	CXCR4
CXCR5+AF8-HUMAN	CXCR5
CXCR6+AF8-HUMAN	CXCR6
CXD2+AF8-HUMAN	GJD2
CXG2+AF8-HUMAN	GJC2
CXG3+AF8-HUMAN	GJC3
CXL16+AF8-HUMAN	CXCL16
CY24B+AF8-HUMAN	CYBB
DAF+AF8-HUMAN	CD55
DAG1+AF8-HUMAN	DAG1
DCBD1+AF8-HUMAN	DCBLD1
DCBD2+AF8-HUMAN	DCBLD2
DCC+AF8-HUMAN	DCC
DCSTP+AF8-HUMAN	DCSTAMP
DDR1+AF8-HUMAN	DDR1
DDR2+AF8-HUMAN	DDR2
DGLA+AF8-HUMAN	DAGLA
DGLB+AF8-HUMAN	DAGLB
DIRC2+AF8-HUMAN	SLC49A4
DISP1+AF8-HUMAN	DISP1
DISP2+AF8-HUMAN	DISP2
DLK1+AF8-HUMAN	DLK1
DLK2+AF8-HUMAN	DLK2
DLL1+AF8-HUMAN	DLL1
DLL3+AF8-HUMAN	DLL3
DLL4+AF8-HUMAN	DLL4
DMA+AF8-HUMAN	HLA+AC0-DMA
DMB+AF8-HUMAN	HLA+AC0-DMB
DNER+AF8-HUMAN	DNER
DOA+AF8-HUMAN	HLA+AC0-DOA
DOB+AF8-HUMAN	HLA+AC0-DOB
DOXA1+AF8-HUMAN	DUOXA1
DPA1+AF8-HUMAN	HLA+AC0-DPA1
DPB1+AF8-HUMAN	HLA+AC0-DPB1
DPEP1+AF8-HUMAN	DPEP1
DPEP2+AF8-HUMAN	DPEP2
DPEP3+AF8-HUMAN	DPEP3
DPP10+AF8-HUMAN	DPP10
DPP4+AF8-HUMAN	DPP4
DPP6+AF8-HUMAN	DPP6
DQA1+AF8-HUMAN	HLA+AC0-DQA1
DQA2+AF8-HUMAN	HLA+AC0-DQA2
DQB1+AF8-HUMAN	HLA+AC0-DQB1
DQB2+AF8-HUMAN	HLA+AC0-DQB2
DRA+AF8-HUMAN	HLA+AC0-DRA
DRB3+AF8-HUMAN	HLA+AC0-DRB3
DRB4+AF8-HUMAN	HLA+AC0-DRB4
DRB5+AF8-HUMAN	HLA+AC0-DRB5
DRD1+AF8-HUMAN	DRD1
DRD2+AF8-HUMAN	DRD2
DRD3+AF8-HUMAN	DRD3
DRD4+AF8-HUMAN	DRD4
DRD5+AF8-HUMAN	DRD5
DSC1+AF8-HUMAN	DSC1
DSC2+AF8-HUMAN	DSC2
DSC3+AF8-HUMAN	DSC3
DSCAM+AF8-HUMAN	DSCAM
DSCL1+AF8-HUMAN	DSCAML1
DSG1+AF8-HUMAN	DSG1
DSG2+AF8-HUMAN	DSG2
DSG3+AF8-HUMAN	DSG3
DSG4+AF8-HUMAN	DSG4
DUOX1+AF8-HUMAN	DUOX1
DUOX2+AF8-HUMAN	DUOX2
DYNAP+AF8-HUMAN	DYNAP
EAA1+AF8-HUMAN	SLC1A3
EAA2+AF8-HUMAN	SLC1A2
EAA3+AF8-HUMAN	SLC1A1
EAA4+AF8-HUMAN	SLC1A6
EAA5+AF8-HUMAN	SLC1A7
EBP+AF8-HUMAN	EBP
ECE1+AF8-HUMAN	ECE1
ECSCR+AF8-HUMAN	ECSCR
EDAR+AF8-HUMAN	EDAR
EDA+AF8-HUMAN	EDA
EDNRA+AF8-HUMAN	EDNRA
EDNRB+AF8-HUMAN	EDNRB
EFC1+AF8-HUMAN	ERVFC1
EFNA1+AF8-HUMAN	EFNA1
EFNA2+AF8-HUMAN	EFNA2
EFNA3+AF8-HUMAN	EFNA3
EFNA4+AF8-HUMAN	EFNA4
EFNA5+AF8-HUMAN	EFNA5
EFNB1+AF8-HUMAN	EFNB1
EFNB2+AF8-HUMAN	EFNB2
EFNB3+AF8-HUMAN	EFNB3
EGFR+AF8-HUMAN	EGFR
EGF+AF8-HUMAN	EGF
EGLN+AF8-HUMAN	ENG
ELFN1+AF8-HUMAN	ELFN1
EMB+AF8-HUMAN	EMB
EMP1+AF8-HUMAN	EMP1
EMP2+AF8-HUMAN	EMP2
EMP3+AF8-HUMAN	EMP3
EN113+AF8-HUMAN	HERVK+AF8-113
ENK13+AF8-HUMAN	ERVK13+AC0-1
ENK18+AF8-HUMAN	ERVK+AC0-18
ENK19+AF8-HUMAN	ERVK+AC0-19
ENK21+AF8-HUMAN	ERVK+AC0-21
ENK24+AF8-HUMAN	ERVK+AC0-24
ENK25+AF8-HUMAN	ERVK+AC0-25
ENK6+AF8-HUMAN	ERVK+AC0-6
ENK7+AF8-HUMAN	ERVK+AC0-7
ENK8+AF8-HUMAN	ERVK+AC0-8
ENK9+AF8-HUMAN	ERVK+AC0-9
ENPP1+AF8-HUMAN	ENPP1
ENPP4+AF8-HUMAN	ENPP4
ENPP5+AF8-HUMAN	ENPP5
ENPP6+AF8-HUMAN	ENPP6
ENTK+AF8-HUMAN	TMPRSS15
ENTP1+AF8-HUMAN	ENTPD1
ENTP3+AF8-HUMAN	ENTPD3
ENVT1+AF8-HUMAN	ERVS71+AC0-1
EPCAM+AF8-HUMAN	EPCAM
EPCR+AF8-HUMAN	PROCR
EPGN+AF8-HUMAN	EPGN
EPHA1+AF8-HUMAN	EPHA1
EPHA2+AF8-HUMAN	EPHA2
EPHA3+AF8-HUMAN	EPHA3
EPHA4+AF8-HUMAN	EPHA4
EPHA5+AF8-HUMAN	EPHA5
EPHA6+AF8-HUMAN	EPHA6
EPHA7+AF8-HUMAN	EPHA7
EPHA8+AF8-HUMAN	EPHA8
EPHAA+AF8-HUMAN	EPHA10
EPHB1+AF8-HUMAN	EPHB1
EPHB2+AF8-HUMAN	EPHB2
EPHB3+AF8-HUMAN	EPHB3
EPHB4+AF8-HUMAN	EPHB4
EPHB6+AF8-HUMAN	EPHB6
EPOR+AF8-HUMAN	EPOR
EQTN+AF8-HUMAN	EQTN
ERB1+AF8-HUMAN	ERVPABLB+AC0-1
ERBB2+AF8-HUMAN	ERBB2
ERBB3+AF8-HUMAN	ERBB3
ERBB4+AF8-HUMAN	ERBB4
EREG+AF8-HUMAN	EREG
ERMAP+AF8-HUMAN	ERMAP
ERMP1+AF8-HUMAN	ERMP1
ERVV1+AF8-HUMAN	ERVV+AC0-1
ERVV2+AF8-HUMAN	ERVV+AC0-2
ESAM+AF8-HUMAN	ESAM
ESYT3+AF8-HUMAN	ESYT3
EVA1C+AF8-HUMAN	EVA1C
EVI2A+AF8-HUMAN	EVI2A
EVI2B+AF8-HUMAN	EVI2B
F1711+AF8-HUMAN	FAM171A1
F1712+AF8-HUMAN	FAM171A2
F171B+AF8-HUMAN	FAM171B
F174A+AF8-HUMAN	FAM174A
F174B+AF8-HUMAN	FAM174B
F187B+AF8-HUMAN	FAM187B
FAT1+AF8-HUMAN	FAT1
FAT2+AF8-HUMAN	FAT2
FAT3+AF8-HUMAN	FAT3
FAT4+AF8-HUMAN	FAT4
FCAMR+AF8-HUMAN	FCAMR
FCAR+AF8-HUMAN	FCAR
FCERA+AF8-HUMAN	FCER1A
FCG2A+AF8-HUMAN	FCGR2A
FCG2B+AF8-HUMAN	FCGR2B
FCG2C+AF8-HUMAN	FCGR2C
FCG3A+AF8-HUMAN	FCGR3A
FCG3B+AF8-HUMAN	FCGR3B
FCGR1+AF8-HUMAN	FCGR1A
FCGRB+AF8-HUMAN	FCGR1BP
FCGRN+AF8-HUMAN	FCGRT
FCRL1+AF8-HUMAN	FCRL1
FCRL2+AF8-HUMAN	FCRL2
FCRL3+AF8-HUMAN	FCRL3
FCRL4+AF8-HUMAN	FCRL4
FCRL5+AF8-HUMAN	FCRL5
FCRL6+AF8-HUMAN	FCRL6
FFAR1+AF8-HUMAN	FFAR1
FFAR2+AF8-HUMAN	FFAR2
FFAR3+AF8-HUMAN	FFAR3
FFAR4+AF8-HUMAN	FFAR4
FGFR1+AF8-HUMAN	FGFR1
FGFR2+AF8-HUMAN	FGFR2
FGFR3+AF8-HUMAN	FGFR3
FGFR4+AF8-HUMAN	FGFR4
FGRL1+AF8-HUMAN	FGFRL1
FKRP+AF8-HUMAN	FKRP
FLRT1+AF8-HUMAN	FLRT1
FLRT2+AF8-HUMAN	FLRT2
FLRT3+AF8-HUMAN	FLRT3
FLT3L+AF8-HUMAN	FLT3LG
FLT3+AF8-HUMAN	FLT3
FLVC1+AF8-HUMAN	FLVCR1
FLVC2+AF8-HUMAN	FLVCR2
FNDC4+AF8-HUMAN	FNDC4
FNDC5+AF8-HUMAN	FNDC5
FNDC9+AF8-HUMAN	FNDC9
FOLH1+AF8-HUMAN	FOLH1
FOLR1+AF8-HUMAN	FOLR1
FOLR2+AF8-HUMAN	FOLR2
FPR1+AF8-HUMAN	FPR1
FPR2+AF8-HUMAN	FPR2
FPR3+AF8-HUMAN	FPR3
FPRP+AF8-HUMAN	PTGFRN
FRAS1+AF8-HUMAN	FRAS1
FREM2+AF8-HUMAN	FREM2
FRRS1+AF8-HUMAN	FRRS1
FSHR+AF8-HUMAN	FSHR
FURIN+AF8-HUMAN	FURIN
FZD10+AF8-HUMAN	FZD10
FZD1+AF8-HUMAN	FZD1
FZD2+AF8-HUMAN	FZD2
FZD3+AF8-HUMAN	FZD3
FZD4+AF8-HUMAN	FZD4
FZD5+AF8-HUMAN	FZD5
FZD6+AF8-HUMAN	FZD6
FZD7+AF8-HUMAN	FZD7
FZD8+AF8-HUMAN	FZD8
FZD9+AF8-HUMAN	FZD9
G137A+AF8-HUMAN	GPR137
G137B+AF8-HUMAN	GPR137B
G137C+AF8-HUMAN	GPR137C
G32P1+AF8-HUMAN	GPR32P1
G6B+AF8-HUMAN	MPIG6B
G6PT1+AF8-HUMAN	SLC37A4
GABR1+AF8-HUMAN	GABBR1
GABR2+AF8-HUMAN	GABBR2
GALR1+AF8-HUMAN	GALR1
GALR2+AF8-HUMAN	GALR2
GALR3+AF8-HUMAN	GALR3
GAS1+AF8-HUMAN	GAS1
GASR+AF8-HUMAN	CCKBR
GBRA1+AF8-HUMAN	GABRA1
GBRA2+AF8-HUMAN	GABRA2
GBRA3+AF8-HUMAN	GABRA3
GBRA4+AF8-HUMAN	GABRA4
GBRA5+AF8-HUMAN	GABRA5
GBRA6+AF8-HUMAN	GABRA6
GBRB1+AF8-HUMAN	GABRB1
GBRB2+AF8-HUMAN	GABRB2
GBRB3+AF8-HUMAN	GABRB3
GBRD+AF8-HUMAN	GABRD
GBRE+AF8-HUMAN	GABRE
GBRG1+AF8-HUMAN	GABRG1
GBRG2+AF8-HUMAN	GABRG2
GBRG3+AF8-HUMAN	GABRG3
GBRP+AF8-HUMAN	GABRP
GBRR1+AF8-HUMAN	GABRR1
GBRR2+AF8-HUMAN	GABRR2
GBRR3+AF8-HUMAN	GABRR3
GBRT+AF8-HUMAN	GABRQ
GDPD2+AF8-HUMAN	GDPD2
GDPD5+AF8-HUMAN	GDPD5
GFRA1+AF8-HUMAN	GFRA1
GFRA2+AF8-HUMAN	GFRA2
GFRA3+AF8-HUMAN	GFRA3
GFRA4+AF8-HUMAN	GFRA4
GFRAL+AF8-HUMAN	GFRAL
GFY+AF8-HUMAN	GFY
GGT1+AF8-HUMAN	GGT1
GGT3+AF8-HUMAN	GGT3P
GGT7+AF8-HUMAN	GGT7
GHRHR+AF8-HUMAN	GHRHR
GHR+AF8-HUMAN	GHR
GHSR+AF8-HUMAN	GHSR
GINM1+AF8-HUMAN	GINM1
GIPR+AF8-HUMAN	GIPR
GLDN+AF8-HUMAN	GLDN
GLIP1+AF8-HUMAN	GLIPR1
GLP1R+AF8-HUMAN	GLP1R
GLP2R+AF8-HUMAN	GLP2R
GLPA+AF8-HUMAN	GYPA
GLPC+AF8-HUMAN	GYPC
GLRA1+AF8-HUMAN	GLRA1
GLRA2+AF8-HUMAN	GLRA2
GLRA3+AF8-HUMAN	GLRA3
GLRB+AF8-HUMAN	GLRB
GLR+AF8-HUMAN	GCGR
GML+AF8-HUMAN	GML
GNRHR+AF8-HUMAN	GNRHR
GNRR2+AF8-HUMAN	GNRHR2
GOLI+AF8-HUMAN	RNF130
GP101+AF8-HUMAN	GPR101
GP107+AF8-HUMAN	GPR107
GP108+AF8-HUMAN	GPR108
GP119+AF8-HUMAN	GPR119
GP132+AF8-HUMAN	GPR132
GP139+AF8-HUMAN	GPR139
GP141+AF8-HUMAN	GPR141
GP142+AF8-HUMAN	GPR142
GP143+AF8-HUMAN	GPR143
GP146+AF8-HUMAN	GPR146
GP148+AF8-HUMAN	GPR148
GP149+AF8-HUMAN	GPR149
GP150+AF8-HUMAN	GPR150
GP151+AF8-HUMAN	GPR151
GP152+AF8-HUMAN	GPR152
GP153+AF8-HUMAN	GPR153
GP155+AF8-HUMAN	GPR155
GP156+AF8-HUMAN	GPR156
GP157+AF8-HUMAN	GPR157
GP158+AF8-HUMAN	GPR158
GP160+AF8-HUMAN	GPR160
GP161+AF8-HUMAN	GPR161
GP162+AF8-HUMAN	GPR162
GP171+AF8-HUMAN	GPR171
GP173+AF8-HUMAN	GPR173
GP174+AF8-HUMAN	GPR174
GP176+AF8-HUMAN	GPR176
GP179+AF8-HUMAN	GPR179
GP180+AF8-HUMAN	GPR180
GP182+AF8-HUMAN	GPR182
GP183+AF8-HUMAN	GPR183
GP1BA+AF8-HUMAN	GP1BA
GP1BB+AF8-HUMAN	GP1BB
GP2+AF8-HUMAN	GP2
GPA33+AF8-HUMAN	GPA33
GPBAR+AF8-HUMAN	GPBAR1
GPC1+AF8-HUMAN	GPC1
GPC2+AF8-HUMAN	GPC2
GPC3+AF8-HUMAN	GPC3
GPC4+AF8-HUMAN	GPC4
GPC5B+AF8-HUMAN	GPRC5B
GPC5C+AF8-HUMAN	GPRC5C
GPC5D+AF8-HUMAN	GPRC5D
GPC5+AF8-HUMAN	GPC5
GPC6A+AF8-HUMAN	GPRC6A
GPC6+AF8-HUMAN	GPC6
GPER1+AF8-HUMAN	GPER1
GPM6A+AF8-HUMAN	GPM6A
GPM6B+AF8-HUMAN	GPM6B
GPNMB+AF8-HUMAN	GPNMB
GPR12+AF8-HUMAN	GPR12
GPR15+AF8-HUMAN	GPR15
GPR17+AF8-HUMAN	GPR17
GPR18+AF8-HUMAN	GPR18
GPR19+AF8-HUMAN	GPR19
GPR20+AF8-HUMAN	GPR20
GPR21+AF8-HUMAN	GPR21
GPR22+AF8-HUMAN	GPR22
GPR25+AF8-HUMAN	GPR25
GPR26+AF8-HUMAN	GPR26
GPR27+AF8-HUMAN	GPR27
GPR31+AF8-HUMAN	GPR31
GPR32+AF8-HUMAN	GPR32
GPR33+AF8-HUMAN	GPR33
GPR34+AF8-HUMAN	GPR34
GPR35+AF8-HUMAN	GPR35
GPR37+AF8-HUMAN	GPR37
GPR39+AF8-HUMAN	GPR39
GPR3+AF8-HUMAN	GPR3
GPR42+AF8-HUMAN	GPR42
GPR45+AF8-HUMAN	GPR45
GPR4+AF8-HUMAN	GPR4
GPR52+AF8-HUMAN	GPR52
GPR55+AF8-HUMAN	GPR55
GPR61+AF8-HUMAN	GPR61
GPR62+AF8-HUMAN	GPR62
GPR63+AF8-HUMAN	GPR63
GPR6+AF8-HUMAN	GPR6
GPR75+AF8-HUMAN	GPR75
GPR78+AF8-HUMAN	GPR78
GPR82+AF8-HUMAN	GPR82
GPR83+AF8-HUMAN	GPR83
GPR84+AF8-HUMAN	GPR84
GPR85+AF8-HUMAN	GPR85
GPR87+AF8-HUMAN	GPR87
GPR88+AF8-HUMAN	GPR88
GPVI+AF8-HUMAN	GP6
GPV+AF8-HUMAN	GP5
GRIA1+AF8-HUMAN	GRIA1
GRIA2+AF8-HUMAN	GRIA2
GRIA3+AF8-HUMAN	GRIA3
GRIA4+AF8-HUMAN	GRIA4
GRID1+AF8-HUMAN	GRID1
GRID2+AF8-HUMAN	GRID2
GRIK1+AF8-HUMAN	GRIK1
GRIK2+AF8-HUMAN	GRIK2
GRIK3+AF8-HUMAN	GRIK3
GRIK4+AF8-HUMAN	GRIK4
GRIK5+AF8-HUMAN	GRIK5
GRM1+AF8-HUMAN	GRM1
GRM2+AF8-HUMAN	GRM2
GRM3+AF8-HUMAN	GRM3
GRM4+AF8-HUMAN	GRM4
GRM5+AF8-HUMAN	GRM5
GRM6+AF8-HUMAN	GRM6
GRM7+AF8-HUMAN	GRM7
GRM8+AF8-HUMAN	GRM8
GRPR+AF8-HUMAN	GRPR
GSG1L+AF8-HUMAN	GSG1L
GSG1+AF8-HUMAN	GSG1
GTR10+AF8-HUMAN	SLC2A10
GTR11+AF8-HUMAN	SLC2A11
GTR12+AF8-HUMAN	SLC2A12
GTR14+AF8-HUMAN	SLC2A14
GTR1+AF8-HUMAN	SLC2A1
GTR2+AF8-HUMAN	SLC2A2
GTR3+AF8-HUMAN	SLC2A3
GTR5+AF8-HUMAN	SLC2A5
GTR6+AF8-HUMAN	SLC2A6
GTR7+AF8-HUMAN	SLC2A7
GTR8+AF8-HUMAN	SLC2A8
GTR9+AF8-HUMAN	SLC2A9
GUC2C+AF8-HUMAN	GUCY2C
HAVR1+AF8-HUMAN	HAVCR1
HAVR2+AF8-HUMAN	HAVCR2
HBEGF+AF8-HUMAN	HBEGF
HCAR1+AF8-HUMAN	HCAR1
HCAR2+AF8-HUMAN	HCAR2
HCAR3+AF8-HUMAN	HCAR3
HDBP1+AF8-HUMAN	GPIHBP1
HECA2+AF8-HUMAN	HEPACAM2
HECAM+AF8-HUMAN	HEPACAM
HEG1+AF8-HUMAN	HEG1
HEPH+AF8-HUMAN	HEPH
HFE+AF8-HUMAN	HFE
HG2A+AF8-HUMAN	CD74
HHLA2+AF8-HUMAN	HHLA2
HIDE1+AF8-HUMAN	HIDE1
HLAE+AF8-HUMAN	HLA+AC0-E
HLAF+AF8-HUMAN	HLA+AC0-F
HLAG+AF8-HUMAN	HLA+AC0-G
HLAH+AF8-HUMAN	HLA+AC0-H
HM13+AF8-HUMAN	HM13
HMR1+AF8-HUMAN	MR1
HPHL1+AF8-HUMAN	HEPHL1
HRH1+AF8-HUMAN	HRH1
HRH2+AF8-HUMAN	HRH2
HRH3+AF8-HUMAN	HRH3
HRH4+AF8-HUMAN	HRH4
HYAL2+AF8-HUMAN	HYAL2
HYALP+AF8-HUMAN	SPAM1
I10R1+AF8-HUMAN	IL10RA
I10R2+AF8-HUMAN	IL10RB
I11RA+AF8-HUMAN	IL11RA
I12R1+AF8-HUMAN	IL12RB1
I12R2+AF8-HUMAN	IL12RB2
I13R1+AF8-HUMAN	IL13RA1
I13R2+AF8-HUMAN	IL13RA2
I15RA+AF8-HUMAN	IL15RA
I17RA+AF8-HUMAN	IL17RA
I17RB+AF8-HUMAN	IL17RB
I17RC+AF8-HUMAN	IL17RC
I17RD+AF8-HUMAN	IL17RD
I17RE+AF8-HUMAN	IL17RE
I18RA+AF8-HUMAN	IL18RAP
I20RA+AF8-HUMAN	IL20RA
I20RB+AF8-HUMAN	IL20RB
I22R1+AF8-HUMAN	IL22RA1
I27RA+AF8-HUMAN	IL27RA
ICAM1+AF8-HUMAN	ICAM1
ICAM2+AF8-HUMAN	ICAM2
ICAM3+AF8-HUMAN	ICAM3
ICAM4+AF8-HUMAN	ICAM4
ICAM5+AF8-HUMAN	ICAM5
ICOSL+AF8-HUMAN	ICOSLG
ICOS+AF8-HUMAN	ICOS
IDD+AF8-HUMAN	DGCR2
IGDC3+AF8-HUMAN	IGDCC3
IGDC4+AF8-HUMAN	IGDCC4
IGF1R+AF8-HUMAN	IGF1R
IGFR1+AF8-HUMAN	IGFLR1
IGS11+AF8-HUMAN	IGSF11
IGSF1+AF8-HUMAN	IGSF1
IGSF2+AF8-HUMAN	CD101
IGSF3+AF8-HUMAN	IGSF3
IGSF5+AF8-HUMAN	IGSF5
IGSF6+AF8-HUMAN	IGSF6
IGSF8+AF8-HUMAN	IGSF8
IL18R+AF8-HUMAN	IL18R1
IL1AP+AF8-HUMAN	IL1RAP
IL1R1+AF8-HUMAN	IL1R1
IL1R2+AF8-HUMAN	IL1R2
IL21R+AF8-HUMAN	IL21R
IL23R+AF8-HUMAN	IL23R
IL2RA+AF8-HUMAN	IL2RA
IL2RB+AF8-HUMAN	IL2RB
IL2RG+AF8-HUMAN	IL2RG
IL31R+AF8-HUMAN	IL31RA
IL3RA+AF8-HUMAN	IL3RA
IL3RB+AF8-HUMAN	CSF2RB
IL4RA+AF8-HUMAN	IL4R
IL5RA+AF8-HUMAN	IL5RA
IL6RA+AF8-HUMAN	IL6R
IL6RB+AF8-HUMAN	IL6ST
IL7RA+AF8-HUMAN	IL7R
IL9R+AF8-HUMAN	IL9R
ILDR1+AF8-HUMAN	ILDR1
ILRL1+AF8-HUMAN	IL1RL1
ILRL2+AF8-HUMAN	IL1RL2
IMPG2+AF8-HUMAN	IMPG2
INAR1+AF8-HUMAN	IFNAR1
INAR2+AF8-HUMAN	IFNAR2
INGR1+AF8-HUMAN	IFNGR1
INGR2+AF8-HUMAN	IFNGR2
INLR1+AF8-HUMAN	IFNLR1
INSRR+AF8-HUMAN	INSRR
INSR+AF8-HUMAN	INSR
IRPL1+AF8-HUMAN	IL1RAPL1
IRPL2+AF8-HUMAN	IL1RAPL2
ISLR2+AF8-HUMAN	ISLR2
ITA10+AF8-HUMAN	ITGA10
ITA11+AF8-HUMAN	ITGA11
ITA1+AF8-HUMAN	ITGA1
ITA2B+AF8-HUMAN	ITGA2B
ITA2+AF8-HUMAN	ITGA2
ITA3+AF8-HUMAN	ITGA3
ITA4+AF8-HUMAN	ITGA4
ITA5+AF8-HUMAN	ITGA5
ITA6+AF8-HUMAN	ITGA6
ITA7+AF8-HUMAN	ITGA7
ITA8+AF8-HUMAN	ITGA8
ITA9+AF8-HUMAN	ITGA9
ITAD+AF8-HUMAN	ITGAD
ITAE+AF8-HUMAN	ITGAE
ITAL+AF8-HUMAN	ITGAL
ITAM+AF8-HUMAN	ITGAM
ITAV+AF8-HUMAN	ITGAV
ITAX+AF8-HUMAN	ITGAX
ITB1+AF8-HUMAN	ITGB1
ITB2+AF8-HUMAN	ITGB2
ITB3+AF8-HUMAN	ITGB3
ITB4+AF8-HUMAN	ITGB4
ITB5+AF8-HUMAN	ITGB5
ITB6+AF8-HUMAN	ITGB6
ITB7+AF8-HUMAN	ITGB7
ITB8+AF8-HUMAN	ITGB8
ITLN1+AF8-HUMAN	ITLN1
ITM2B+AF8-HUMAN	ITM2B
ITM2C+AF8-HUMAN	ITM2C
IZUM1+AF8-HUMAN	IZUMO1
IZUM3+AF8-HUMAN	IZUMO3
JAG1+AF8-HUMAN	JAG1
JAG2+AF8-HUMAN	JAG2
JAM1+AF8-HUMAN	F11R
JAM2+AF8-HUMAN	JAM2
JAM3+AF8-HUMAN	JAM3
JUNO+AF8-HUMAN	IZUMO1R
K0319+AF8-HUMAN	KIAA0319
K154L+AF8-HUMAN	KIAA1549L
KCJ12+AF8-HUMAN	KCNJ12
KCMB1+AF8-HUMAN	KCNMB1
KCMB2+AF8-HUMAN	KCNMB2
KCMB3+AF8-HUMAN	KCNMB3
KCMB4+AF8-HUMAN	KCNMB4
KCNA3+AF8-HUMAN	KCNA3
KCNG4+AF8-HUMAN	KCNG4
KCNJ3+AF8-HUMAN	KCNJ3
KCNJ4+AF8-HUMAN	KCNJ4
KCNK5+AF8-HUMAN	KCNK5
KCNKI+AF8-HUMAN	KCNK18
KCNS1+AF8-HUMAN	KCNS1
KCNV2+AF8-HUMAN	KCNV2
KCT2+AF8-HUMAN	KCT2
KELL+AF8-HUMAN	KEL
KI2L1+AF8-HUMAN	KIR2DL1
KI2L2+AF8-HUMAN	KIR2DL2
KI2L3+AF8-HUMAN	KIR2DL3
KI2L4+AF8-HUMAN	KIR2DL4
KI2LA+AF8-HUMAN	KIR2DL5A
KI2LB+AF8-HUMAN	KIR2DL5B
KI2S1+AF8-HUMAN	KIR2DS1
KI2S2+AF8-HUMAN	KIR2DS2
KI2S3+AF8-HUMAN	KIR2DS3
KI2S4+AF8-HUMAN	KIR2DS4
KI2S5+AF8-HUMAN	KIR2DS5
KI3L1+AF8-HUMAN	KIR3DL1
KI3L2+AF8-HUMAN	KIR3DL2
KI3L3+AF8-HUMAN	KIR3DL3
KI3S1+AF8-HUMAN	KIR3DS1
KIRR1+AF8-HUMAN	KIRREL1
KIRR2+AF8-HUMAN	KIRREL2
KIRR3+AF8-HUMAN	KIRREL3
KISSR+AF8-HUMAN	KISS1R
KIT+AF8-HUMAN	KIT
KLOT+AF8-HUMAN	KL
KLRB1+AF8-HUMAN	KLRB1
KLRF1+AF8-HUMAN	KLRF1
KLRF2+AF8-HUMAN	KLRF2
KLRG1+AF8-HUMAN	KLRG1
KREM1+AF8-HUMAN	KREMEN1
KREM2+AF8-HUMAN	KREMEN2
L1CAM+AF8-HUMAN	L1CAM
L37A1+AF8-HUMAN	LRRC37A
L37A2+AF8-HUMAN	LRRC37A2
L37A3+AF8-HUMAN	LRRC37A3
LAAT1+AF8-HUMAN	SLC66A1
LAG3+AF8-HUMAN	LAG3
LAIR1+AF8-HUMAN	LAIR1
LAMP1+AF8-HUMAN	LAMP1
LAMP2+AF8-HUMAN	LAMP2
LAMP3+AF8-HUMAN	LAMP3
LAMP5+AF8-HUMAN	LAMP5
LAT1+AF8-HUMAN	SLC7A5
LAT3+AF8-HUMAN	SLC43A1
LAT4+AF8-HUMAN	SLC43A2
LAYN+AF8-HUMAN	LAYN
LBN+AF8-HUMAN	EVC2
LCAP+AF8-HUMAN	LNPEP
LDLR+AF8-HUMAN	LDLR
LEPR+AF8-HUMAN	LEPR
LEUK+AF8-HUMAN	SPN
LFA3+AF8-HUMAN	CD58
LFG2+AF8-HUMAN	FAIM2
LGR4+AF8-HUMAN	LGR4
LGR5+AF8-HUMAN	LGR5
LGR6+AF8-HUMAN	LGR6
LHPL1+AF8-HUMAN	LHFPL1
LHPL4+AF8-HUMAN	LHFPL4
LIFR+AF8-HUMAN	LIFR
LIGO1+AF8-HUMAN	LINGO1
LIGO2+AF8-HUMAN	LINGO2
LIGO3+AF8-HUMAN	LINGO3
LIGO4+AF8-HUMAN	LINGO4
LIPL+AF8-HUMAN	LPL
LIRA1+AF8-HUMAN	LILRA1
LIRA2+AF8-HUMAN	LILRA2
LIRA4+AF8-HUMAN	LILRA4
LIRA5+AF8-HUMAN	LILRA5
LIRA6+AF8-HUMAN	LILRA6
LIRB1+AF8-HUMAN	LILRB1
LIRB2+AF8-HUMAN	LILRB2
LIRB3+AF8-HUMAN	LILRB3
LIRB5+AF8-HUMAN	LILRB5
LMA2L+AF8-HUMAN	LMAN2L
LMAN2+AF8-HUMAN	LMAN2
LMBD1+AF8-HUMAN	LMBRD1
LMBD2+AF8-HUMAN	LMBRD2
LMBR1+AF8-HUMAN	LMBR1
LMBRL+AF8-HUMAN	LMBR1L
LMIP+AF8-HUMAN	LIM2
LPAR1+AF8-HUMAN	LPAR1
LPAR2+AF8-HUMAN	LPAR2
LPAR3+AF8-HUMAN	LPAR3
LPAR4+AF8-HUMAN	LPAR4
LPAR5+AF8-HUMAN	LPAR5
LPAR6+AF8-HUMAN	LPAR6
LPD6B+AF8-HUMAN	LYPD6B
LPH+AF8-HUMAN	LCT
LR37B+AF8-HUMAN	LRRC37B
LRAD3+AF8-HUMAN	LDLRAD3
LRAD4+AF8-HUMAN	LDLRAD4
LRC15+AF8-HUMAN	LRRC15
LRC19+AF8-HUMAN	LRRC19
LRC24+AF8-HUMAN	LRRC24
LRC25+AF8-HUMAN	LRRC25
LRC32+AF8-HUMAN	LRRC32
LRC38+AF8-HUMAN	LRRC38
LRC3B+AF8-HUMAN	LRRC3B
LRC4B+AF8-HUMAN	LRRC4B
LRC4C+AF8-HUMAN	LRRC4C
LRC52+AF8-HUMAN	LRRC52
LRFN1+AF8-HUMAN	LRFN1
LRFN2+AF8-HUMAN	LRFN2
LRFN3+AF8-HUMAN	LRFN3
LRFN4+AF8-HUMAN	LRFN4
LRFN5+AF8-HUMAN	LRFN5
LRIG1+AF8-HUMAN	LRIG1
LRIG2+AF8-HUMAN	LRIG2
LRIG3+AF8-HUMAN	LRIG3
LRIT1+AF8-HUMAN	LRIT1
LRIT2+AF8-HUMAN	LRIT2
LRIT3+AF8-HUMAN	LRIT3
LRN4L+AF8-HUMAN	LRRN4CL
LRP10+AF8-HUMAN	LRP10
LRP11+AF8-HUMAN	LRP11
LRP12+AF8-HUMAN	LRP12
LRP1B+AF8-HUMAN	LRP1B
LRP1+AF8-HUMAN	LRP1
LRP2+AF8-HUMAN	LRP2
LRP3+AF8-HUMAN	LRP3
LRP4+AF8-HUMAN	LRP4
LRP5+AF8-HUMAN	LRP5
LRP6+AF8-HUMAN	LRP6
LRP8+AF8-HUMAN	LRP8
LRRC4+AF8-HUMAN	LRRC4
LRRN1+AF8-HUMAN	LRRN1
LRRN2+AF8-HUMAN	LRRN2
LRRN3+AF8-HUMAN	LRRN3
LRRN4+AF8-HUMAN	LRRN4
LRRT2+AF8-HUMAN	LRRTM2
LRRT3+AF8-HUMAN	LRRTM3
LRRT4+AF8-HUMAN	LRRTM4
LRTM1+AF8-HUMAN	LRTM1
LRTM2+AF8-HUMAN	LRTM2
LSAMP+AF8-HUMAN	LSAMP
LSHR+AF8-HUMAN	LHCGR
LSME1+AF8-HUMAN	LSMEM1
LT4R1+AF8-HUMAN	LTB4R
LT4R2+AF8-HUMAN	LTB4R2
LTK+AF8-HUMAN	LTK
LY66C+AF8-HUMAN	LY6G6C
LY66D+AF8-HUMAN	LY6G6D
LY66F+AF8-HUMAN	LY6G6F
LY6D+AF8-HUMAN	LY6D
LY6E+AF8-HUMAN	LY6E
LY6H+AF8-HUMAN	LY6H
LY6K+AF8-HUMAN	LY6K
LY75+AF8-HUMAN	LY75
LY9+AF8-HUMAN	LY9
LYAM1+AF8-HUMAN	SELL
LYAM2+AF8-HUMAN	SELE
LYAM3+AF8-HUMAN	SELP
LYNX1+AF8-HUMAN	LYNX1
LYPD1+AF8-HUMAN	LYPD1
LYPD2+AF8-HUMAN	LYPD2
LYPD3+AF8-HUMAN	LYPD3
LYPD4+AF8-HUMAN	LYPD4
LYPD5+AF8-HUMAN	LYPD5
LYPD8+AF8-HUMAN	LYPD8
LYSM3+AF8-HUMAN	LYSMD3
LYVE1+AF8-HUMAN	LYVE1
M4A15+AF8-HUMAN	MS4A15
M4A6A+AF8-HUMAN	MS4A6A
MADL2+AF8-HUMAN	MYADML2
MAG+AF8-HUMAN	MAG
MALR1+AF8-HUMAN	MALRD1
MANS1+AF8-HUMAN	MANSC1
MANS4+AF8-HUMAN	MANSC4
MAS1L+AF8-HUMAN	MAS1L
MAS+AF8-HUMAN	MAS1
MC3R+AF8-HUMAN	MC3R
MC4R+AF8-HUMAN	MC4R
MC5R+AF8-HUMAN	MC5R
MCHR1+AF8-HUMAN	MCHR1
MCHR2+AF8-HUMAN	MCHR2
MCLN1+AF8-HUMAN	MCOLN1
MCP+AF8-HUMAN	CD46
MDGA1+AF8-HUMAN	MDGA1
MDGA2+AF8-HUMAN	MDGA2
MDR1+AF8-HUMAN	ABCB1
MDR3+AF8-HUMAN	ABCB4
MEG10+AF8-HUMAN	MEGF10
MEG11+AF8-HUMAN	MEGF11
MEGF8+AF8-HUMAN	MEGF8
MEGF9+AF8-HUMAN	MEGF9
MEP1A+AF8-HUMAN	MEP1A
MEP1B+AF8-HUMAN	MEP1B
MER34+AF8-HUMAN	ERVMER34+AC0-1
MERTK+AF8-HUMAN	MERTK
MET+AF8-HUMAN	MET
MFA3L+AF8-HUMAN	MFAP3L
MFAP3+AF8-HUMAN	MFAP3
MFRP+AF8-HUMAN	MFRP
MFS11+AF8-HUMAN	MFSD11
MFS12+AF8-HUMAN	MFSD12
MFS2B+AF8-HUMAN	MFSD2B
MFS6L+AF8-HUMAN	MFSD6L
MFSD5+AF8-HUMAN	MFSD5
MFSD6+AF8-HUMAN	MFSD6
MFSD8+AF8-HUMAN	MFSD8
MICA+AF8-HUMAN	MICA
MICB+AF8-HUMAN	MICB
MILR1+AF8-HUMAN	MILR1
MIP+AF8-HUMAN	MIP
MKS3+AF8-HUMAN	TMEM67
MMEL1+AF8-HUMAN	MMEL1
MMP14+AF8-HUMAN	MMP14
MMP16+AF8-HUMAN	MMP16
MMP17+AF8-HUMAN	MMP17
MMP25+AF8-HUMAN	MMP25
MO2R1+AF8-HUMAN	CD200R1
MO2R2+AF8-HUMAN	CD200R1L
MOG+AF8-HUMAN	MOG
MOT12+AF8-HUMAN	SLC16A12
MOT1+AF8-HUMAN	SLC16A1
MOT2+AF8-HUMAN	SLC16A7
MOT3+AF8-HUMAN	SLC16A8
MOT5+AF8-HUMAN	SLC16A4
MOT6+AF8-HUMAN	SLC16A5
MOT7+AF8-HUMAN	SLC16A6
MPEG1+AF8-HUMAN	MPEG1
MPRD+AF8-HUMAN	M6PR
MPRI+AF8-HUMAN	IGF2R
MPZL1+AF8-HUMAN	MPZL1
MPZL2+AF8-HUMAN	MPZL2
MPZL3+AF8-HUMAN	MPZL3
MRC1+AF8-HUMAN	MRC1
MRC2+AF8-HUMAN	MRC2
MRGRD+AF8-HUMAN	MRGPRD
MRGRE+AF8-HUMAN	MRGPRE
MRGRF+AF8-HUMAN	MRGPRF
MRGRG+AF8-HUMAN	MRGPRG
MRGX1+AF8-HUMAN	MRGPRX1
MRGX2+AF8-HUMAN	MRGPRX2
MRGX3+AF8-HUMAN	MRGPRX3
MRGX4+AF8-HUMAN	MRGPRX4
MRP1+AF8-HUMAN	ABCC1
MRP2+AF8-HUMAN	ABCC2
MRP3+AF8-HUMAN	ABCC3
MRP4+AF8-HUMAN	ABCC4
MRP5+AF8-HUMAN	ABCC5
MRP7+AF8-HUMAN	ABCC10
MRP9+AF8-HUMAN	ABCC12
MSHR+AF8-HUMAN	MC1R
MSLNL+AF8-HUMAN	MSLNL
MSLN+AF8-HUMAN	MSLN
MSRE+AF8-HUMAN	MSR1
MTLR+AF8-HUMAN	MLNR
MTR1A+AF8-HUMAN	MTNR1A
MTR1B+AF8-HUMAN	MTNR1B
MTR1L+AF8-HUMAN	GPR50
MUC12+AF8-HUMAN	MUC12
MUC13+AF8-HUMAN	MUC13
MUC15+AF8-HUMAN	MUC15
MUC16+AF8-HUMAN	MUC16
MUC17+AF8-HUMAN	MUC17
MUC18+AF8-HUMAN	MCAM
MUC1+AF8-HUMAN	MUC1
MUC21+AF8-HUMAN	MUC21
MUC22+AF8-HUMAN	MUC22
MUC24+AF8-HUMAN	CD164
MUC3A+AF8-HUMAN	MUC3A
MUC3B+AF8-HUMAN	MUC3B
MUC4+AF8-HUMAN	MUC4
MUCEN+AF8-HUMAN	EMCN
MUSK+AF8-HUMAN	MUSK
MXRA8+AF8-HUMAN	MXRA8
MYADM+AF8-HUMAN	MYADM
MYCT+AF8-HUMAN	SLC2A13
MYOF+AF8-HUMAN	MYOF
MYP0+AF8-HUMAN	MPZ
MYPR+AF8-HUMAN	PLP1
NAC1+AF8-HUMAN	SLC8A1
NAC2+AF8-HUMAN	SLC8A2
NAC3+AF8-HUMAN	SLC8A3
NAGPA+AF8-HUMAN	NAGPA
NALCN+AF8-HUMAN	NALCN
NALDL+AF8-HUMAN	NAALADL1
NAR1+AF8-HUMAN	ART1
NAR3+AF8-HUMAN	ART3
NAR4+AF8-HUMAN	ART4
NCAM1+AF8-HUMAN	NCAM1
NCAM2+AF8-HUMAN	NCAM2
NCHL1+AF8-HUMAN	CHL1
NCKX2+AF8-HUMAN	SLC24A2
NCKX3+AF8-HUMAN	SLC24A3
NCKX4+AF8-HUMAN	SLC24A4
NCKX5+AF8-HUMAN	SLC24A5
NCMAP+AF8-HUMAN	NCMAP
NCTR1+AF8-HUMAN	NCR1
NCTR2+AF8-HUMAN	NCR2
NCTR3+AF8-HUMAN	NCR3
NEGR1+AF8-HUMAN	NEGR1
NEO1+AF8-HUMAN	NEO1
NEP+AF8-HUMAN	MME
NETO1+AF8-HUMAN	NETO1
NETO2+AF8-HUMAN	NETO2
NFAM1+AF8-HUMAN	NFAM1
NFASC+AF8-HUMAN	NFASC
NICA+AF8-HUMAN	NCSTN
NIPA3+AF8-HUMAN	NIPAL1
NIPA4+AF8-HUMAN	NIPAL4
NK1R+AF8-HUMAN	TACR1
NK2R+AF8-HUMAN	TACR2
NK3R+AF8-HUMAN	TACR3
NKAI1+AF8-HUMAN	NKAIN1
NKAI2+AF8-HUMAN	NKAIN2
NKAI3+AF8-HUMAN	NKAIN3
NKG2A+AF8-HUMAN	KLRC1
NKG2C+AF8-HUMAN	KLRC2
NKG2D+AF8-HUMAN	KLRK1
NKG2E+AF8-HUMAN	KLRC3
NLGN1+AF8-HUMAN	NLGN1
NLGN2+AF8-HUMAN	NLGN2
NLGN3+AF8-HUMAN	NLGN3
NLGNX+AF8-HUMAN	NLGN4X
NLGNY+AF8-HUMAN	NLGN4Y
NLS1+AF8-HUMAN	MFSD2A
NMBR+AF8-HUMAN	NMBR
NMD3A+AF8-HUMAN	GRIN3A
NMD3B+AF8-HUMAN	GRIN3B
NMDE1+AF8-HUMAN	GRIN2A
NMDE2+AF8-HUMAN	GRIN2B
NMDE3+AF8-HUMAN	GRIN2C
NMDE4+AF8-HUMAN	GRIN2D
NMDZ1+AF8-HUMAN	GRIN1
NMUR1+AF8-HUMAN	NMUR1
NMUR2+AF8-HUMAN	NMUR2
NOTC1+AF8-HUMAN	NOTCH1
NOTC2+AF8-HUMAN	NOTCH2
NOTC3+AF8-HUMAN	NOTCH3
NOTC4+AF8-HUMAN	NOTCH4
NOX4+AF8-HUMAN	NOX4
NPAL2+AF8-HUMAN	NIPAL2
NPAL3+AF8-HUMAN	NIPAL3
NPBW1+AF8-HUMAN	NPBWR1
NPBW2+AF8-HUMAN	NPBWR2
NPC1+AF8-HUMAN	NPC1
NPCL1+AF8-HUMAN	NPC1L1
NPFF1+AF8-HUMAN	NPFFR1
NPFF2+AF8-HUMAN	NPFFR2
NPHN+AF8-HUMAN	NPHS1
NPSR1+AF8-HUMAN	NPSR1
NPT1+AF8-HUMAN	SLC17A1
NPT2A+AF8-HUMAN	SLC34A1
NPT2B+AF8-HUMAN	SLC34A2
NPT2C+AF8-HUMAN	SLC34A3
NPTN+AF8-HUMAN	NPTN
NPY1R+AF8-HUMAN	NPY1R
NPY2R+AF8-HUMAN	NPY2R
NPY4R+AF8-HUMAN	NPY4R
NPY5R+AF8-HUMAN	NPY5R
NPY6R+AF8-HUMAN	NPY6R
NR3L1+AF8-HUMAN	NCR3LG1
NRAM1+AF8-HUMAN	SLC11A1
NRAM2+AF8-HUMAN	SLC11A2
NRCAM+AF8-HUMAN	NRCAM
NRG1+AF8-HUMAN	NRG1
NRG2+AF8-HUMAN	NRG2
NRG4+AF8-HUMAN	NRG4
NRN1L+AF8-HUMAN	NRN1L
NRN1+AF8-HUMAN	NRN1
NRP1+AF8-HUMAN	NRP1
NRP2+AF8-HUMAN	NRP2
NRX1A+AF8-HUMAN	NRXN1
NRX1B+AF8-HUMAN	NRXN1
NRX2A+AF8-HUMAN	NRXN2
NRX2B+AF8-HUMAN	NRXN2
NRX3A+AF8-HUMAN	NRXN3
NRX3B+AF8-HUMAN	NRXN3
NTCP2+AF8-HUMAN	SLC10A2
NTCP4+AF8-HUMAN	SLC10A4
NTCP5+AF8-HUMAN	SLC10A5
NTCP+AF8-HUMAN	SLC10A1
NTNG1+AF8-HUMAN	NTNG1
NTNG2+AF8-HUMAN	NTNG2
NTR1+AF8-HUMAN	NTSR1
NTR2+AF8-HUMAN	NTSR2
NTRI+AF8-HUMAN	NTM
NTRK1+AF8-HUMAN	NTRK1
NTRK2+AF8-HUMAN	NTRK2
NTRK3+AF8-HUMAN	NTRK3
O10A2+AF8-HUMAN	OR10A2
O10A3+AF8-HUMAN	OR10A3
O10A4+AF8-HUMAN	OR10A4
O10A5+AF8-HUMAN	OR10A5
O10A6+AF8-HUMAN	OR10A6
O10A7+AF8-HUMAN	OR10A7
O10AC+AF8-HUMAN	OR10AC1
O10AD+AF8-HUMAN	OR10AD1
O10AG+AF8-HUMAN	OR10AG1
O10C1+AF8-HUMAN	OR10C1
O10D3+AF8-HUMAN	OR10D3
O10D4+AF8-HUMAN	OR10D4P
O10G2+AF8-HUMAN	OR10G2
O10G3+AF8-HUMAN	OR10G3
O10G4+AF8-HUMAN	OR10G4
O10G6+AF8-HUMAN	OR10G6
O10G7+AF8-HUMAN	OR10G7
O10G8+AF8-HUMAN	OR10G8
O10G9+AF8-HUMAN	OR10G9
O10H1+AF8-HUMAN	OR10H1
O10H2+AF8-HUMAN	OR10H2
O10H3+AF8-HUMAN	OR10H3
O10H4+AF8-HUMAN	OR10H4
O10H5+AF8-HUMAN	OR10H5
O10J1+AF8-HUMAN	OR10J1
O10J3+AF8-HUMAN	OR10J3
O10J4+AF8-HUMAN	OR10J4
O10J5+AF8-HUMAN	OR10J5
O10J6+AF8-HUMAN	OR10J6P
O10K1+AF8-HUMAN	OR10K1
O10K2+AF8-HUMAN	OR10K2
O10P1+AF8-HUMAN	OR10P1
O10Q1+AF8-HUMAN	OR10Q1
O10R2+AF8-HUMAN	OR10R2
O10S1+AF8-HUMAN	OR10S1
O10T2+AF8-HUMAN	OR10T2
O10V1+AF8-HUMAN	OR10V1
O10W1+AF8-HUMAN	OR10W1
O10X1+AF8-HUMAN	OR10X1
O10Z1+AF8-HUMAN	OR10Z1
O11A1+AF8-HUMAN	OR11A1
O11G2+AF8-HUMAN	OR11G2
O11H1+AF8-HUMAN	OR11H1
O11H2+AF8-HUMAN	OR11H2
O11H4+AF8-HUMAN	OR11H4
O11H6+AF8-HUMAN	OR11H6
O11H7+AF8-HUMAN	OR11H7
O11HC+AF8-HUMAN	OR11H12
O11L1+AF8-HUMAN	OR11L1
O12D2+AF8-HUMAN	OR12D2
O12D3+AF8-HUMAN	OR12D3
O13A1+AF8-HUMAN	OR13A1
O13C2+AF8-HUMAN	OR13C2
O13C3+AF8-HUMAN	OR13C3
O13C4+AF8-HUMAN	OR13C4
O13C5+AF8-HUMAN	OR13C5
O13C6+AF8-HUMAN	OR13C6P
O13C8+AF8-HUMAN	OR13C8
O13C9+AF8-HUMAN	OR13C9
O13D1+AF8-HUMAN	OR13D1
O13F1+AF8-HUMAN	OR13F1
O13G1+AF8-HUMAN	OR13G1
O13H1+AF8-HUMAN	OR13H1
O13J1+AF8-HUMAN	OR13J1
O14A2+AF8-HUMAN	OR14A2
O14AG+AF8-HUMAN	OR14A16
O14CZ+AF8-HUMAN	OR14C36
O14I1+AF8-HUMAN	OR14I1
O14J1+AF8-HUMAN	OR14J1
O14K1+AF8-HUMAN	OR14K1
O14L1+AF8-HUMAN	OR14L1
O2A12+AF8-HUMAN	OR2A12
O2A14+AF8-HUMAN	OR2A14
O2A25+AF8-HUMAN	OR2A25
O2AE1+AF8-HUMAN	OR2AE1
O2AG1+AF8-HUMAN	OR2AG1
O2AG2+AF8-HUMAN	OR2AG2
O2AJ1+AF8-HUMAN	OR2AJ1
O2AK2+AF8-HUMAN	OR2AK2
O2AP1+AF8-HUMAN	OR2AP1
O2AT4+AF8-HUMAN	OR2AT4
O2T10+AF8-HUMAN	OR2T10
O2T11+AF8-HUMAN	OR2T11
O2T12+AF8-HUMAN	OR2T12
O2T27+AF8-HUMAN	OR2T27
O2T29+AF8-HUMAN	OR2T29
O2T33+AF8-HUMAN	OR2T33
O2T34+AF8-HUMAN	OR2T34
O2T35+AF8-HUMAN	OR2T35
O4A15+AF8-HUMAN	OR4A15
O4A16+AF8-HUMAN	OR4A16
O4A47+AF8-HUMAN	OR4A47
O4C45+AF8-HUMAN	OR4C45
O4C46+AF8-HUMAN	OR4C46
O4F15+AF8-HUMAN	OR4F15
O4F17+AF8-HUMAN	OR4F17
O4F21+AF8-HUMAN	OR4F21
O51A2+AF8-HUMAN	OR51A2
O51A4+AF8-HUMAN	OR51A4
O51A7+AF8-HUMAN	OR51A7
O51B2+AF8-HUMAN	OR51B2
O51B4+AF8-HUMAN	OR51B4
O51B5+AF8-HUMAN	OR51B5
O51B6+AF8-HUMAN	OR51B6
O51D1+AF8-HUMAN	OR51D1
O51E1+AF8-HUMAN	OR51E1
O51E2+AF8-HUMAN	OR51E2
O51F1+AF8-HUMAN	OR51F1
O51F2+AF8-HUMAN	OR51F2
O51G1+AF8-HUMAN	OR51G1
O51G2+AF8-HUMAN	OR51G2
O51H1+AF8-HUMAN	OR51H1
O51I1+AF8-HUMAN	OR51I1
O51I2+AF8-HUMAN	OR51I2
O51J1+AF8-HUMAN	OR51J1
O51L1+AF8-HUMAN	OR51L1
O51M1+AF8-HUMAN	OR51M1
O51Q1+AF8-HUMAN	OR51Q1
O51S1+AF8-HUMAN	OR51S1
O51T1+AF8-HUMAN	OR51T1
O51V1+AF8-HUMAN	OR51V1
O52A1+AF8-HUMAN	OR52A1
O52A4+AF8-HUMAN	OR52A4P
O52A5+AF8-HUMAN	OR52A5
O52B2+AF8-HUMAN	OR52B2
O52B4+AF8-HUMAN	OR52B4
O52B6+AF8-HUMAN	OR52B6
O52D1+AF8-HUMAN	OR52D1
O52E1+AF8-HUMAN	OR52E1
O52E2+AF8-HUMAN	OR52E2
O52E4+AF8-HUMAN	OR52E4
O52E5+AF8-HUMAN	OR52E5
O52E6+AF8-HUMAN	OR52E6
O52E8+AF8-HUMAN	OR52E8
O52H1+AF8-HUMAN	OR52H1
O52I1+AF8-HUMAN	OR52I1
O52I2+AF8-HUMAN	OR52I2
O52J3+AF8-HUMAN	OR52J3
O52K1+AF8-HUMAN	OR52K1
O52K2+AF8-HUMAN	OR52K2
O52L1+AF8-HUMAN	OR52L1
O52L2+AF8-HUMAN	OR52L2P
O52M1+AF8-HUMAN	OR52M1
O52N1+AF8-HUMAN	OR52N1
O52N2+AF8-HUMAN	OR52N2
O52N4+AF8-HUMAN	OR52N4
O52N5+AF8-HUMAN	OR52N5
O52P1+AF8-HUMAN	OR52P1
O52R1+AF8-HUMAN	OR52R1
O52W1+AF8-HUMAN	OR52W1
O52Z1+AF8-HUMAN	OR52Z1P
O56A1+AF8-HUMAN	OR56A1
O56A3+AF8-HUMAN	OR56A3
O56A4+AF8-HUMAN	OR56A4
O56A5+AF8-HUMAN	OR56A5
O56B1+AF8-HUMAN	OR56B1
O56B2+AF8-HUMAN	OR56B2P
O56B4+AF8-HUMAN	OR56B4
O5AC1+AF8-HUMAN	OR5AC1
O5AC2+AF8-HUMAN	OR5AC2
O5AK2+AF8-HUMAN	OR5AK2
O5AK3+AF8-HUMAN	OR5AK3P
O5AL1+AF8-HUMAN	OR5AL1
O5AN1+AF8-HUMAN	OR5AN1
O5AP2+AF8-HUMAN	OR5AP2
O5AR1+AF8-HUMAN	OR5AR1
O5AS1+AF8-HUMAN	OR5AS1
O5AU1+AF8-HUMAN	OR5AU1
O5H14+AF8-HUMAN	OR5H14
O5H15+AF8-HUMAN	OR5H15
O6C65+AF8-HUMAN	OR6C65
O6C68+AF8-HUMAN	OR6C68
O6C70+AF8-HUMAN	OR6C70
O6C74+AF8-HUMAN	OR6C74
O6C75+AF8-HUMAN	OR6C75
O6C76+AF8-HUMAN	OR6C76
O7E24+AF8-HUMAN	OR7E24
OGR1+AF8-HUMAN	GPR68
OLR1+AF8-HUMAN	OLR1
OMGP+AF8-HUMAN	OMG
OPALI+AF8-HUMAN	OPALIN
OPCM+AF8-HUMAN	OPCML
OPN3+AF8-HUMAN	OPN3
OPN4+AF8-HUMAN	OPN4
OPN5+AF8-HUMAN	OPN5
OPRD+AF8-HUMAN	OPRD1
OPRK+AF8-HUMAN	OPRK1
OPRM+AF8-HUMAN	OPRM1
OPRX+AF8-HUMAN	OPRL1
OPSB+AF8-HUMAN	OPN1SW
OPSD+AF8-HUMAN	RHO
OPSG+AF8-HUMAN	OPN1MW
OPSR+AF8-HUMAN	OPN1LW
OPSX+AF8-HUMAN	RRH
OR1A1+AF8-HUMAN	OR1A1
OR1A2+AF8-HUMAN	OR1A2
OR1B1+AF8-HUMAN	OR1B1
OR1C1+AF8-HUMAN	OR1C1
OR1D2+AF8-HUMAN	OR1D2
OR1D4+AF8-HUMAN	OR1D4
OR1D5+AF8-HUMAN	OR1D5
OR1E1+AF8-HUMAN	OR1E1
OR1E2+AF8-HUMAN	OR1E2
OR1E3+AF8-HUMAN	OR1E3
OR1F1+AF8-HUMAN	OR1F1
OR1F2+AF8-HUMAN	OR1F2P
OR1FC+AF8-HUMAN	OR1F12P
OR1G1+AF8-HUMAN	OR1G1
OR1I1+AF8-HUMAN	OR1I1
OR1J1+AF8-HUMAN	OR1J1
OR1J2+AF8-HUMAN	OR1J2
OR1J4+AF8-HUMAN	OR1J4
OR1K1+AF8-HUMAN	OR1K1
OR1L1+AF8-HUMAN	OR1L1
OR1L3+AF8-HUMAN	OR1L3
OR1L4+AF8-HUMAN	OR1L4
OR1L6+AF8-HUMAN	OR1L6
OR1L8+AF8-HUMAN	OR1L8
OR1M1+AF8-HUMAN	OR1M1
OR1N1+AF8-HUMAN	OR1N1
OR1N2+AF8-HUMAN	OR1N2
OR1P1+AF8-HUMAN	OR1P1
OR1Q1+AF8-HUMAN	OR1Q1
OR1S1+AF8-HUMAN	OR1S1
OR1S2+AF8-HUMAN	OR1S2
OR2A1+AF8-HUMAN	OR2A1
OR2A1+AF8-HUMAN	OR2A42
OR2A2+AF8-HUMAN	OR2A2
OR2A4+AF8-HUMAN	OR2A4
OR2A5+AF8-HUMAN	OR2A5
OR2A7+AF8-HUMAN	OR2A7
OR2B2+AF8-HUMAN	OR2B2
OR2B3+AF8-HUMAN	OR2B3
OR2B6+AF8-HUMAN	OR2B6
OR2B8+AF8-HUMAN	OR2B8P
OR2BB+AF8-HUMAN	OR2B11
OR2C1+AF8-HUMAN	OR2C1
OR2C3+AF8-HUMAN	OR2C3
OR2D2+AF8-HUMAN	OR2D2
OR2D3+AF8-HUMAN	OR2D3
OR2F1+AF8-HUMAN	OR2F1
OR2F2+AF8-HUMAN	OR2F2
OR2G2+AF8-HUMAN	OR2G2
OR2G3+AF8-HUMAN	OR2G3
OR2G6+AF8-HUMAN	OR2G6
OR2H1+AF8-HUMAN	OR2H1
OR2H2+AF8-HUMAN	OR2H2
OR2I1+AF8-HUMAN	OR2I1P
OR2J1+AF8-HUMAN	OR2J1
OR2J2+AF8-HUMAN	OR2J2
OR2J3+AF8-HUMAN	OR2J3
OR2K2+AF8-HUMAN	OR2K2
OR2L2+AF8-HUMAN	OR2L2
OR2L3+AF8-HUMAN	OR2L3
OR2L5+AF8-HUMAN	OR2L5
OR2L8+AF8-HUMAN	OR2L8
OR2LD+AF8-HUMAN	OR2L13
OR2M2+AF8-HUMAN	OR2M2
OR2M3+AF8-HUMAN	OR2M3
OR2M4+AF8-HUMAN	OR2M4
OR2M5+AF8-HUMAN	OR2M5
OR2M7+AF8-HUMAN	OR2M7
OR2S1+AF8-HUMAN	OR2S2
OR2T1+AF8-HUMAN	OR2T1
OR2T2+AF8-HUMAN	OR2T2
OR2T3+AF8-HUMAN	OR2T3
OR2T4+AF8-HUMAN	OR2T4
OR2T5+AF8-HUMAN	OR2T5
OR2T6+AF8-HUMAN	OR2T6
OR2T7+AF8-HUMAN	OR2T7
OR2T8+AF8-HUMAN	OR2T8
OR2V1+AF8-HUMAN	OR2V1
OR2V2+AF8-HUMAN	OR2V2
OR2W1+AF8-HUMAN	OR2W1
OR2W3+AF8-HUMAN	OR2W3
OR2W6+AF8-HUMAN	OR2W6P
OR2Y1+AF8-HUMAN	OR2Y1
OR2Z1+AF8-HUMAN	OR2Z1
OR3A1+AF8-HUMAN	OR3A1
OR3A2+AF8-HUMAN	OR3A2
OR3A3+AF8-HUMAN	OR3A3
OR3A4+AF8-HUMAN	OR3A4P
OR4A4+AF8-HUMAN	OR4A4P
OR4A5+AF8-HUMAN	OR4A5
OR4A8+AF8-HUMAN	OR4A8
OR4B1+AF8-HUMAN	OR4B1
OR4C3+AF8-HUMAN	OR4C3
OR4C5+AF8-HUMAN	OR4C5
OR4C6+AF8-HUMAN	OR4C6
OR4CB+AF8-HUMAN	OR4C11
OR4CC+AF8-HUMAN	OR4C12
OR4CD+AF8-HUMAN	OR4C13
OR4CF+AF8-HUMAN	OR4C15
OR4CG+AF8-HUMAN	OR4C16
OR4D1+AF8-HUMAN	OR4D1
OR4D2+AF8-HUMAN	OR4D2
OR4D5+AF8-HUMAN	OR4D5
OR4D6+AF8-HUMAN	OR4D6
OR4D9+AF8-HUMAN	OR4D9
OR4DA+AF8-HUMAN	OR4D10
OR4DB+AF8-HUMAN	OR4D11
OR4E1+AF8-HUMAN	OR4E1
OR4E2+AF8-HUMAN	OR4E2
OR4F3+AF8-HUMAN	OR4F16
OR4F3+AF8-HUMAN	OR4F29
OR4F3+AF8-HUMAN	OR4F3
OR4F4+AF8-HUMAN	OR4F4
OR4F5+AF8-HUMAN	OR4F5
OR4F6+AF8-HUMAN	OR4F6
OR4K1+AF8-HUMAN	OR4K1
OR4K2+AF8-HUMAN	OR4K2
OR4K3+AF8-HUMAN	OR4K3
OR4K5+AF8-HUMAN	OR4K5
OR4KD+AF8-HUMAN	OR4K13
OR4KE+AF8-HUMAN	OR4K14
OR4KF+AF8-HUMAN	OR4K15
OR4KH+AF8-HUMAN	OR4K17
OR4L1+AF8-HUMAN	OR4L1
OR4M1+AF8-HUMAN	OR4M1
OR4M2+AF8-HUMAN	OR4M2
OR4N2+AF8-HUMAN	OR4N2
OR4N4+AF8-HUMAN	OR4N4
OR4N5+AF8-HUMAN	OR4N5
OR4P4+AF8-HUMAN	OR4P4
OR4Q2+AF8-HUMAN	OR4Q2
OR4Q3+AF8-HUMAN	OR4Q3
OR4S1+AF8-HUMAN	OR4S1
OR4S2+AF8-HUMAN	OR4S2
OR4X1+AF8-HUMAN	OR4X1
OR4X2+AF8-HUMAN	OR4X2
OR5A1+AF8-HUMAN	OR5A1
OR5A2+AF8-HUMAN	OR5A2
OR5B2+AF8-HUMAN	OR5B2
OR5B3+AF8-HUMAN	OR5B3
OR5BC+AF8-HUMAN	OR5B12
OR5BH+AF8-HUMAN	OR5B17
OR5C1+AF8-HUMAN	OR5C1
OR5DD+AF8-HUMAN	OR5D13
OR5DE+AF8-HUMAN	OR5D14
OR5DG+AF8-HUMAN	OR5D16
OR5DI+AF8-HUMAN	OR5D18
OR5F1+AF8-HUMAN	OR5F1
OR5G3+AF8-HUMAN	OR5G3
OR5H1+AF8-HUMAN	OR5H1
OR5H2+AF8-HUMAN	OR5H2
OR5H6+AF8-HUMAN	OR5H6
OR5I1+AF8-HUMAN	OR5I1
OR5J2+AF8-HUMAN	OR5J2
OR5K1+AF8-HUMAN	OR5K1
OR5K2+AF8-HUMAN	OR5K2
OR5K3+AF8-HUMAN	OR5K3
OR5K4+AF8-HUMAN	OR5K4
OR5L1+AF8-HUMAN	OR5L1
OR5L2+AF8-HUMAN	OR5L2
OR5M1+AF8-HUMAN	OR5M1
OR5M3+AF8-HUMAN	OR5M3
OR5M8+AF8-HUMAN	OR5M8
OR5M9+AF8-HUMAN	OR5M9
OR5MA+AF8-HUMAN	OR5M10
OR5MB+AF8-HUMAN	OR5M11
OR5P2+AF8-HUMAN	OR5P2
OR5P3+AF8-HUMAN	OR5P3
OR5R1+AF8-HUMAN	OR8U3
OR5T1+AF8-HUMAN	OR5T1
OR5T2+AF8-HUMAN	OR5T2
OR5T3+AF8-HUMAN	OR5T3
OR5V1+AF8-HUMAN	OR5V1
OR5W2+AF8-HUMAN	OR5W2
OR6A2+AF8-HUMAN	OR6A2
OR6B1+AF8-HUMAN	OR6B1
OR6B2+AF8-HUMAN	OR6B2
OR6B3+AF8-HUMAN	OR6B3
OR6C1+AF8-HUMAN	OR6C1
OR6C2+AF8-HUMAN	OR6C2
OR6C3+AF8-HUMAN	OR6C3
OR6C4+AF8-HUMAN	OR6C4
OR6C6+AF8-HUMAN	OR6C6
OR6F1+AF8-HUMAN	OR6F1
OR6J1+AF8-HUMAN	OR6J1
OR6K2+AF8-HUMAN	OR6K2
OR6K3+AF8-HUMAN	OR6K3
OR6K6+AF8-HUMAN	OR6K6
OR6M1+AF8-HUMAN	OR6M1
OR6N1+AF8-HUMAN	OR6N1
OR6N2+AF8-HUMAN	OR6N2
OR6P1+AF8-HUMAN	OR6P1
OR6Q1+AF8-HUMAN	OR6Q1
OR6S1+AF8-HUMAN	OR6S1
OR6T1+AF8-HUMAN	OR6T1
OR6V1+AF8-HUMAN	OR6V1
OR6X1+AF8-HUMAN	OR6X1
OR6Y1+AF8-HUMAN	OR6Y1
OR7A2+AF8-HUMAN	OR7A2P
OR7A5+AF8-HUMAN	OR7A5
OR7AA+AF8-HUMAN	OR7A10
OR7AH+AF8-HUMAN	OR7A17
OR7C1+AF8-HUMAN	OR7C1
OR7C2+AF8-HUMAN	OR7C2
OR7D2+AF8-HUMAN	OR7D2
OR7D4+AF8-HUMAN	OR7D4
OR7G1+AF8-HUMAN	OR7G1
OR7G2+AF8-HUMAN	OR7G2
OR7G3+AF8-HUMAN	OR7G3
OR8A1+AF8-HUMAN	OR8A1
OR8B2+AF8-HUMAN	OR8B2
OR8B3+AF8-HUMAN	OR8B3
OR8B4+AF8-HUMAN	OR8B4
OR8B8+AF8-HUMAN	OR8B8
OR8BC+AF8-HUMAN	OR8B12
OR8D1+AF8-HUMAN	OR8D1
OR8D2+AF8-HUMAN	OR8D2
OR8D4+AF8-HUMAN	OR8D4
OR8G1+AF8-HUMAN	OR8G1
OR8G5+AF8-HUMAN	OR8G5
OR8H1+AF8-HUMAN	OR8H1
OR8H2+AF8-HUMAN	OR8H2
OR8H3+AF8-HUMAN	OR8H3
OR8I2+AF8-HUMAN	OR8I2
OR8J1+AF8-HUMAN	OR8J1
OR8J2+AF8-HUMAN	OR8J2
OR8J3+AF8-HUMAN	OR8J3
OR8K1+AF8-HUMAN	OR8K1
OR8K3+AF8-HUMAN	OR8K3
OR8K5+AF8-HUMAN	OR8K5
OR8S1+AF8-HUMAN	OR8S1
OR8U1+AF8-HUMAN	OR8U1
OR8U8+AF8-HUMAN	OR8U8
OR8U9+AF8-HUMAN	OR8U9
OR9A1+AF8-HUMAN	OR9A1P
OR9A2+AF8-HUMAN	OR9A2
OR9A4+AF8-HUMAN	OR9A4
OR9G1+AF8-HUMAN	OR9G1
OR9G4+AF8-HUMAN	OR9G4
OR9G9+AF8-HUMAN	OR9G9
OR9I1+AF8-HUMAN	OR9I1
OR9K2+AF8-HUMAN	OR9K2
OR9Q1+AF8-HUMAN	OR9Q1
OR9Q2+AF8-HUMAN	OR9Q2
OSMR+AF8-HUMAN	OSMR
OSTA+AF8-HUMAN	SLC51A
OSTB+AF8-HUMAN	SLC51B
OSTM1+AF8-HUMAN	OSTM1
OTOAN+AF8-HUMAN	OTOA
OTOP1+AF8-HUMAN	OTOP1
OTOP2+AF8-HUMAN	OTOP2
OX1R+AF8-HUMAN	HCRTR1
OX2G+AF8-HUMAN	CD200
OX2R+AF8-HUMAN	HCRTR2
OXER1+AF8-HUMAN	OXER1
OXGR1+AF8-HUMAN	OXGR1
OXYR+AF8-HUMAN	OXTR
P210L+AF8-HUMAN	NUP210L
P2RX1+AF8-HUMAN	P2RX1
P2RX2+AF8-HUMAN	P2RX2
P2RX3+AF8-HUMAN	P2RX3
P2RX4+AF8-HUMAN	P2RX4
P2RX6+AF8-HUMAN	P2RX6
P2RX7+AF8-HUMAN	P2RX7
P2RY1+AF8-HUMAN	P2RY1
P2RY2+AF8-HUMAN	P2RY2
P2RY4+AF8-HUMAN	P2RY4
P2RY6+AF8-HUMAN	P2RY6
P2RY8+AF8-HUMAN	P2RY8
P2Y10+AF8-HUMAN	P2RY10
P2Y11+AF8-HUMAN	P2RY11
P2Y12+AF8-HUMAN	P2RY12
P2Y13+AF8-HUMAN	P2RY13
P2Y14+AF8-HUMAN	P2RY14
P3IP1+AF8-HUMAN	PIK3IP1
P3+AF8-HUMAN	SLC10A3
P5I13+AF8-HUMAN	TP53I13
PACR+AF8-HUMAN	ADCYAP1R1
PANX1+AF8-HUMAN	PANX1
PANX2+AF8-HUMAN	PANX2
PAR1+AF8-HUMAN	F2R
PAR2+AF8-HUMAN	F2RL1
PAR3+AF8-HUMAN	F2RL2
PAR4+AF8-HUMAN	F2RL3
PARM1+AF8-HUMAN	PARM1
PC11X+AF8-HUMAN	PCDH11X
PC11Y+AF8-HUMAN	PCDH11Y
PCD10+AF8-HUMAN	PCDH10
PCD12+AF8-HUMAN	PCDH12
PCD15+AF8-HUMAN	PCDH15
PCD16+AF8-HUMAN	DCHS1
PCD17+AF8-HUMAN	PCDH17
PCD18+AF8-HUMAN	PCDH18
PCD19+AF8-HUMAN	PCDH19
PCD20+AF8-HUMAN	PCDH20
PCD23+AF8-HUMAN	DCHS2
PCDA1+AF8-HUMAN	PCDHA1
PCDA2+AF8-HUMAN	PCDHA2
PCDA3+AF8-HUMAN	PCDHA3
PCDA4+AF8-HUMAN	PCDHA4
PCDA5+AF8-HUMAN	PCDHA5
PCDA6+AF8-HUMAN	PCDHA6
PCDA7+AF8-HUMAN	PCDHA7
PCDA8+AF8-HUMAN	PCDHA8
PCDA9+AF8-HUMAN	PCDHA9
PCDAA+AF8-HUMAN	PCDHA10
PCDAB+AF8-HUMAN	PCDHA11
PCDAC+AF8-HUMAN	PCDHA12
PCDAD+AF8-HUMAN	PCDHA13
PCDB1+AF8-HUMAN	PCDHB1
PCDB2+AF8-HUMAN	PCDHB2
PCDB3+AF8-HUMAN	PCDHB3
PCDB4+AF8-HUMAN	PCDHB4
PCDB5+AF8-HUMAN	PCDHB5
PCDB6+AF8-HUMAN	PCDHB6
PCDB7+AF8-HUMAN	PCDHB7
PCDB8+AF8-HUMAN	PCDHB8
PCDB9+AF8-HUMAN	PCDHB9
PCDBA+AF8-HUMAN	PCDHB10
PCDBB+AF8-HUMAN	PCDHB11
PCDBC+AF8-HUMAN	PCDHB12
PCDBD+AF8-HUMAN	PCDHB13
PCDBE+AF8-HUMAN	PCDHB14
PCDBF+AF8-HUMAN	PCDHB15
PCDBG+AF8-HUMAN	PCDHB16
PCDC1+AF8-HUMAN	PCDHAC1
PCDC2+AF8-HUMAN	PCDHAC2
PCDG1+AF8-HUMAN	PCDHGA1
PCDG2+AF8-HUMAN	PCDHGA2
PCDG3+AF8-HUMAN	PCDHGA3
PCDG4+AF8-HUMAN	PCDHGA4
PCDG5+AF8-HUMAN	PCDHGA5
PCDG6+AF8-HUMAN	PCDHGA6
PCDG7+AF8-HUMAN	PCDHGA7
PCDG8+AF8-HUMAN	PCDHGA8
PCDG9+AF8-HUMAN	PCDHGA9
PCDGA+AF8-HUMAN	PCDHGA10
PCDGB+AF8-HUMAN	PCDHGA11
PCDGC+AF8-HUMAN	PCDHGA12
PCDGD+AF8-HUMAN	PCDHGB1
PCDGE+AF8-HUMAN	PCDHGB2
PCDGF+AF8-HUMAN	PCDHGB3
PCDGG+AF8-HUMAN	PCDHGB4
PCDGH+AF8-HUMAN	PCDHGB5
PCDGI+AF8-HUMAN	PCDHGB6
PCDGJ+AF8-HUMAN	PCDHGB7
PCDGK+AF8-HUMAN	PCDHGC3
PCDGL+AF8-HUMAN	PCDHGC4
PCDGM+AF8-HUMAN	PCDHGC5
PCDH1+AF8-HUMAN	PCDH1
PCDH7+AF8-HUMAN	PCDH7
PCDH8+AF8-HUMAN	PCDH8
PCDH9+AF8-HUMAN	PCDH9
PCFT+AF8-HUMAN	SLC46A1
PCSK5+AF8-HUMAN	PCSK5
PCX1+AF8-HUMAN	PCNX1
PCX2+AF8-HUMAN	PCNX2
PD1L1+AF8-HUMAN	CD274
PD1L2+AF8-HUMAN	PDCD1LG2
PD2R2+AF8-HUMAN	PTGDR2
PD2R+AF8-HUMAN	PTGDR
PDCD1+AF8-HUMAN	PDCD1
PDXL2+AF8-HUMAN	PODXL2
PE2R1+AF8-HUMAN	PTGER1
PE2R2+AF8-HUMAN	PTGER2
PE2R3+AF8-HUMAN	PTGER3
PE2R4+AF8-HUMAN	PTGER4
PEAR1+AF8-HUMAN	PEAR1
PECA1+AF8-HUMAN	PECAM1
PERT+AF8-HUMAN	TPO
PF2R+AF8-HUMAN	PTGFR
PGAP1+AF8-HUMAN	PGAP1
PGCB+AF8-HUMAN	BCAN
PGFRA+AF8-HUMAN	PDGFRA
PGFRB+AF8-HUMAN	PDGFRB
PHEX+AF8-HUMAN	PHEX
PI16+AF8-HUMAN	PI16
PI2R+AF8-HUMAN	PTGIR
PIEZ1+AF8-HUMAN	PIEZO1
PIEZ2+AF8-HUMAN	PIEZO2
PIGO+AF8-HUMAN	PIGO
PIGR+AF8-HUMAN	PIGR
PIGT+AF8-HUMAN	PIGT
PILRA+AF8-HUMAN	PILRA
PILRB+AF8-HUMAN	PILRB
PK1L1+AF8-HUMAN	PKD1L1
PK1L2+AF8-HUMAN	PKD1L2
PK1L3+AF8-HUMAN	PKD1L3
PK2L1+AF8-HUMAN	PKD2L1
PKD1+AF8-HUMAN	PKD1
PKD2+AF8-HUMAN	PKD2
PKDRE+AF8-HUMAN	PKDREJ
PKHD1+AF8-HUMAN	PKHD1
PKHL1+AF8-HUMAN	PKHD1L1
PKR1+AF8-HUMAN	PROKR1
PKR2+AF8-HUMAN	PROKR2
PLA2R+AF8-HUMAN	PLA2R1
PLB1+AF8-HUMAN	PLB1
PLD5+AF8-HUMAN	PLD5
PLDX1+AF8-HUMAN	PLXDC1
PLET1+AF8-HUMAN	PLET1
PLVAP+AF8-HUMAN	PLVAP
PLXA1+AF8-HUMAN	PLXNA1
PLXA2+AF8-HUMAN	PLXNA2
PLXA3+AF8-HUMAN	PLXNA3
PLXA4+AF8-HUMAN	PLXNA4
PLXB1+AF8-HUMAN	PLXNB1
PLXB2+AF8-HUMAN	PLXNB2
PLXB3+AF8-HUMAN	PLXNB3
PLXC1+AF8-HUMAN	PLXNC1
PLXD1+AF8-HUMAN	PLXND1
PMEL+AF8-HUMAN	PMEL
PMEPA+AF8-HUMAN	PMEPA1
PO210+AF8-HUMAN	NUP210
PODXL+AF8-HUMAN	PODXL
POPD1+AF8-HUMAN	BVES
PORIM+AF8-HUMAN	TMEM123
PPAL+AF8-HUMAN	ACP2
PPAT+AF8-HUMAN	ACP4
PPB1+AF8-HUMAN	ALPP
PPBI+AF8-HUMAN	ALPI
PPBN+AF8-HUMAN	ALPG
PPBT+AF8-HUMAN	ALPL
PPR29+AF8-HUMAN	ELFN2
PRIMA+AF8-HUMAN	PRIMA1
PRIO+AF8-HUMAN	PRNP
PRLHR+AF8-HUMAN	PRLHR
PRLR+AF8-HUMAN	PRLR
PRND+AF8-HUMAN	PRND
PROM1+AF8-HUMAN	PROM1
PROM2+AF8-HUMAN	PROM2
PRPH2+AF8-HUMAN	PRPH2
PRRT3+AF8-HUMAN	PRRT3
PRS41+AF8-HUMAN	PRSS41
PRSS8+AF8-HUMAN	PRSS8
PRTG+AF8-HUMAN	PRTG
PSCA+AF8-HUMAN	PSCA
PSN1+AF8-HUMAN	PSEN1
PSN2+AF8-HUMAN	PSEN2
PSYR+AF8-HUMAN	GPR65
PTAFR+AF8-HUMAN	PTAFR
PTC1+AF8-HUMAN	PTCH1
PTCRA+AF8-HUMAN	PTCRA
PTH1R+AF8-HUMAN	PTH1R
PTH2R+AF8-HUMAN	PTH2R
PTHD1+AF8-HUMAN	PTCHD1
PTHD3+AF8-HUMAN	PTCHD3
PTHD4+AF8-HUMAN	PTCHD4
PTK7+AF8-HUMAN	PTK7
PTPR2+AF8-HUMAN	PTPRN2
PTPRA+AF8-HUMAN	PTPRA
PTPRB+AF8-HUMAN	PTPRB
PTPRC+AF8-HUMAN	PTPRC
PTPRD+AF8-HUMAN	PTPRD
PTPRF+AF8-HUMAN	PTPRF
PTPRG+AF8-HUMAN	PTPRG
PTPRH+AF8-HUMAN	PTPRH
PTPRJ+AF8-HUMAN	PTPRJ
PTPRK+AF8-HUMAN	PTPRK
PTPRM+AF8-HUMAN	PTPRM
PTPRN+AF8-HUMAN	PTPRN
PTPRO+AF8-HUMAN	PTPRO
PTPRQ+AF8-HUMAN	PTPRQ
PTPRR+AF8-HUMAN	PTPRR
PTPRS+AF8-HUMAN	PTPRS
PTPRT+AF8-HUMAN	PTPRT
PTPRU+AF8-HUMAN	PTPRU
PTPRZ+AF8-HUMAN	PTPRZ1
PTTG+AF8-HUMAN	PTTG1IP
PVR+AF8-HUMAN	PVR
PXDC2+AF8-HUMAN	PLXDC2
QRFPR+AF8-HUMAN	QRFPR
QSOX1+AF8-HUMAN	QSOX1
QSOX2+AF8-HUMAN	QSOX2
R4RL1+AF8-HUMAN	RTN4RL1
R4RL2+AF8-HUMAN	RTN4RL2
RAGE+AF8-HUMAN	AGER
RAI3+AF8-HUMAN	GPRC5A
RAMP2+AF8-HUMAN	RAMP2
RAMP3+AF8-HUMAN	RAMP3
RECK+AF8-HUMAN	RECK
RELL1+AF8-HUMAN	RELL1
RET+AF8-HUMAN	RET
RGMA+AF8-HUMAN	RGMA
RGMB+AF8-HUMAN	RGMB
RGMC+AF8-HUMAN	HJV
RGR+AF8-HUMAN	RGR
RHAG+AF8-HUMAN	RHAG
RHBL2+AF8-HUMAN	RHBDL2
RHCG+AF8-HUMAN	RHCG
RHDF2+AF8-HUMAN	RHBDF2
RL3R1+AF8-HUMAN	RXFP3
RL3R2+AF8-HUMAN	RXFP4
RN128+AF8-HUMAN	RNF128
RN149+AF8-HUMAN	RNF149
RN150+AF8-HUMAN	RNF150
RN167+AF8-HUMAN	RNF167
RNF13+AF8-HUMAN	RNF13
RNF43+AF8-HUMAN	RNF43
RNFT1+AF8-HUMAN	RNFT1
ROBO1+AF8-HUMAN	ROBO1
ROBO2+AF8-HUMAN	ROBO2
ROBO3+AF8-HUMAN	ROBO3
RON+AF8-HUMAN	MST1R
ROR1+AF8-HUMAN	ROR1
ROR2+AF8-HUMAN	ROR2
ROS1+AF8-HUMAN	ROS1
RPN1+AF8-HUMAN	RPN1
RPRML+AF8-HUMAN	RPRML
RPRM+AF8-HUMAN	RPRM
RTN4R+AF8-HUMAN	RTN4R
RXFP1+AF8-HUMAN	RXFP1
RXFP2+AF8-HUMAN	RXFP2
RYK+AF8-HUMAN	RYK
S12A1+AF8-HUMAN	SLC12A1
S12A2+AF8-HUMAN	SLC12A2
S12A3+AF8-HUMAN	SLC12A3
S12A4+AF8-HUMAN	SLC12A4
S12A5+AF8-HUMAN	SLC12A5
S12A6+AF8-HUMAN	SLC12A6
S12A7+AF8-HUMAN	SLC12A7
S12A8+AF8-HUMAN	SLC12A8
S12A9+AF8-HUMAN	SLC12A9
S13A1+AF8-HUMAN	SLC13A1
S13A2+AF8-HUMAN	SLC13A2
S13A3+AF8-HUMAN	SLC13A3
S13A4+AF8-HUMAN	SLC13A4
S15A1+AF8-HUMAN	SLC15A1
S15A2+AF8-HUMAN	SLC15A2
S15A3+AF8-HUMAN	SLC15A3
S15A4+AF8-HUMAN	SLC15A4
S15A5+AF8-HUMAN	SLC15A5
S17A5+AF8-HUMAN	SLC17A5
S17A9+AF8-HUMAN	SLC17A9
S19A1+AF8-HUMAN	SLC19A1
S19A2+AF8-HUMAN	SLC19A2
S19A3+AF8-HUMAN	SLC19A3
S1PR1+AF8-HUMAN	S1PR1
S1PR2+AF8-HUMAN	S1PR2
S1PR3+AF8-HUMAN	S1PR3
S1PR4+AF8-HUMAN	S1PR4
S1PR5+AF8-HUMAN	S1PR5
S20A2+AF8-HUMAN	SLC20A2
S22A1+AF8-HUMAN	SLC22A1
S22A2+AF8-HUMAN	SLC22A2
S22A3+AF8-HUMAN	SLC22A3
S22A4+AF8-HUMAN	SLC22A4
S22A6+AF8-HUMAN	SLC22A6
S22A7+AF8-HUMAN	SLC22A7
S22A8+AF8-HUMAN	SLC22A8
S22A9+AF8-HUMAN	SLC22A9
S22AB+AF8-HUMAN	SLC22A11
S22AC+AF8-HUMAN	SLC22A12
S22AD+AF8-HUMAN	SLC22A13
S22AE+AF8-HUMAN	SLC22A14
S22AF+AF8-HUMAN	SLC22A15
S22AG+AF8-HUMAN	SLC22A16
S22AH+AF8-HUMAN	SLC22A17
S22AK+AF8-HUMAN	SLC22A20P
S22AN+AF8-HUMAN	SLC22A23
S22AP+AF8-HUMAN	SLC22A25
S23A1+AF8-HUMAN	SLC23A1
S23A2+AF8-HUMAN	SLC23A2
S26A1+AF8-HUMAN	SLC26A1
S26A2+AF8-HUMAN	SLC26A2
S26A3+AF8-HUMAN	SLC26A3
S26A4+AF8-HUMAN	SLC26A4
S26A5+AF8-HUMAN	SLC26A5
S26A6+AF8-HUMAN	SLC26A6
S26A8+AF8-HUMAN	SLC26A8
S26A9+AF8-HUMAN	SLC26A9
S28A1+AF8-HUMAN	SLC28A1
S28A2+AF8-HUMAN	SLC28A2
S28A3+AF8-HUMAN	SLC28A3
S29A1+AF8-HUMAN	SLC29A1
S29A2+AF8-HUMAN	SLC29A2
S29A3+AF8-HUMAN	SLC29A3
S29A4+AF8-HUMAN	SLC29A4
S35A5+AF8-HUMAN	SLC35A5
S35F4+AF8-HUMAN	SLC35F4
S36A1+AF8-HUMAN	SLC36A1
S36A2+AF8-HUMAN	SLC36A2
S36A3+AF8-HUMAN	SLC36A3
S36A4+AF8-HUMAN	SLC36A4
S38A1+AF8-HUMAN	SLC38A1
S38A2+AF8-HUMAN	SLC38A2
S38A4+AF8-HUMAN	SLC38A4
S38A5+AF8-HUMAN	SLC38A5
S38A8+AF8-HUMAN	SLC38A8
S38A9+AF8-HUMAN	SLC38A9
S38AB+AF8-HUMAN	SLC38A11
S39A2+AF8-HUMAN	SLC39A2
S39A4+AF8-HUMAN	SLC39A4
S39A5+AF8-HUMAN	SLC39A5
S39A6+AF8-HUMAN	SLC39A6
S39A8+AF8-HUMAN	SLC39A8
S39A9+AF8-HUMAN	SLC39A9
S39AA+AF8-HUMAN	SLC39A10
S39AC+AF8-HUMAN	SLC39A12
S39AE+AF8-HUMAN	SLC39A14
S40A1+AF8-HUMAN	SLC40A1
S41A1+AF8-HUMAN	SLC41A1
S41A2+AF8-HUMAN	SLC41A2
S41A3+AF8-HUMAN	SLC41A3
S43A3+AF8-HUMAN	SLC43A3
S45A2+AF8-HUMAN	SLC45A2
S45A4+AF8-HUMAN	SLC45A4
S46A3+AF8-HUMAN	SLC46A3
S47A1+AF8-HUMAN	SLC47A1
S4A10+AF8-HUMAN	SLC4A10
S4A4+AF8-HUMAN	SLC4A4
S4A5+AF8-HUMAN	SLC4A5
S4A7+AF8-HUMAN	SLC4A7
S4A8+AF8-HUMAN	SLC4A8
S52A1+AF8-HUMAN	SLC52A1
S52A2+AF8-HUMAN	SLC52A2
S52A3+AF8-HUMAN	SLC52A3
S6A11+AF8-HUMAN	SLC6A11
S6A12+AF8-HUMAN	SLC6A12
S6A13+AF8-HUMAN	SLC6A13
S6A14+AF8-HUMAN	SLC6A14
S6A15+AF8-HUMAN	SLC6A15
S6A16+AF8-HUMAN	SLC6A16
S6A17+AF8-HUMAN	SLC6A17
S6A18+AF8-HUMAN	SLC6A18
S6A19+AF8-HUMAN	SLC6A19
S6A20+AF8-HUMAN	SLC6A20
S7A14+AF8-HUMAN	SLC7A14
SACA1+AF8-HUMAN	SPACA1
SACA4+AF8-HUMAN	SPACA4
SATT+AF8-HUMAN	SLC1A4
SC5A1+AF8-HUMAN	SLC5A1
SC5A2+AF8-HUMAN	SLC5A2
SC5A3+AF8-HUMAN	SLC5A3
SC5A4+AF8-HUMAN	SLC5A4
SC5A5+AF8-HUMAN	SLC5A5
SC5A6+AF8-HUMAN	SLC5A6
SC5A7+AF8-HUMAN	SLC5A7
SC5A8+AF8-HUMAN	SLC5A8
SC5A9+AF8-HUMAN	SLC5A9
SC5AA+AF8-HUMAN	SLC5A10
SC5AB+AF8-HUMAN	SLC5A11
SC5AC+AF8-HUMAN	SLC5A12
SC6A1+AF8-HUMAN	SLC6A1
SC6A2+AF8-HUMAN	SLC6A2
SC6A3+AF8-HUMAN	SLC6A3
SC6A4+AF8-HUMAN	SLC6A4
SC6A5+AF8-HUMAN	SLC6A5
SC6A6+AF8-HUMAN	SLC6A6
SC6A7+AF8-HUMAN	SLC6A7
SC6A8+AF8-HUMAN	SLC6A8
SC6A9+AF8-HUMAN	SLC6A9
SCAP+AF8-HUMAN	SCAP
SCAR5+AF8-HUMAN	SCARA5
SCF+AF8-HUMAN	KITLG
SCN1A+AF8-HUMAN	SCN1A
SCN1B+AF8-HUMAN	SCN1B
SCN2A+AF8-HUMAN	SCN2A
SCN2B+AF8-HUMAN	SCN2B
SCN3A+AF8-HUMAN	SCN3A
SCN3B+AF8-HUMAN	SCN3B
SCN4A+AF8-HUMAN	SCN4A
SCN4B+AF8-HUMAN	SCN4B
SCN5A+AF8-HUMAN	SCN5A
SCN7A+AF8-HUMAN	SCN7A
SCN8A+AF8-HUMAN	SCN8A
SCN9A+AF8-HUMAN	SCN9A
SCNAA+AF8-HUMAN	SCN10A
SCNBA+AF8-HUMAN	SCN11A
SCNNA+AF8-HUMAN	SCNN1A
SCNNB+AF8-HUMAN	SCNN1B
SCNND+AF8-HUMAN	SCNN1D
SCNNG+AF8-HUMAN	SCNN1G
SCRB1+AF8-HUMAN	SCARB1
SCRB2+AF8-HUMAN	SCARB2
SCTM1+AF8-HUMAN	SECTM1
SCTR+AF8-HUMAN	SCTR
SDC1+AF8-HUMAN	SDC1
SDC2+AF8-HUMAN	SDC2
SDK1+AF8-HUMAN	SDK1
SDK2+AF8-HUMAN	SDK2
SE6L2+AF8-HUMAN	SEZ6L2
SELPL+AF8-HUMAN	SELPLG
SEM4A+AF8-HUMAN	SEMA4A
SEM4B+AF8-HUMAN	SEMA4B
SEM4C+AF8-HUMAN	SEMA4C
SEM4D+AF8-HUMAN	SEMA4D
SEM4F+AF8-HUMAN	SEMA4F
SEM4G+AF8-HUMAN	SEMA4G
SEM5A+AF8-HUMAN	SEMA5A
SEM5B+AF8-HUMAN	SEMA5B
SEM6A+AF8-HUMAN	SEMA6A
SEM6B+AF8-HUMAN	SEMA6B
SEM6C+AF8-HUMAN	SEMA6C
SEM6D+AF8-HUMAN	SEMA6D
SEM7A+AF8-HUMAN	SEMA7A
SEPR+AF8-HUMAN	FAP
SERC1+AF8-HUMAN	SERINC1
SERC2+AF8-HUMAN	SERINC2
SERC3+AF8-HUMAN	SERINC3
SERC4+AF8-HUMAN	SERINC4
SERC5+AF8-HUMAN	SERINC5
SEZ6+AF8-HUMAN	SEZ6
SGCA+AF8-HUMAN	SGCA
SGCB+AF8-HUMAN	SGCB
SGCD+AF8-HUMAN	SGCD
SGCE+AF8-HUMAN	SGCE
SGCZ+AF8-HUMAN	SGCZ
SHPS1+AF8-HUMAN	SIRPA
SHSA4+AF8-HUMAN	SHISA4
SHSA6+AF8-HUMAN	SHISA6
SHSA7+AF8-HUMAN	SHISA7
SHSA8+AF8-HUMAN	SHISA8
SHSA9+AF8-HUMAN	SHISA9
SIDT1+AF8-HUMAN	SIDT1
SIDT2+AF8-HUMAN	SIDT2
SIG10+AF8-HUMAN	SIGLEC10
SIG11+AF8-HUMAN	SIGLEC11
SIG12+AF8-HUMAN	SIGLEC12
SIG14+AF8-HUMAN	SIGLEC14
SIG15+AF8-HUMAN	SIGLEC15
SIG16+AF8-HUMAN	SIGLEC16
SIGIR+AF8-HUMAN	SIGIRR
SIGL1+AF8-HUMAN	SIGLECL1
SIGL5+AF8-HUMAN	SIGLEC5
SIGL6+AF8-HUMAN	SIGLEC6
SIGL7+AF8-HUMAN	SIGLEC7
SIGL8+AF8-HUMAN	SIGLEC8
SIGL9+AF8-HUMAN	SIGLEC9
SIRB1+AF8-HUMAN	SIRPB1
SIRB2+AF8-HUMAN	SIRPB2
SIRBL+AF8-HUMAN	SIRPB1
SIRPG+AF8-HUMAN	SIRPG
SIT1+AF8-HUMAN	SIT1
SL9A1+AF8-HUMAN	SLC9A1
SL9A2+AF8-HUMAN	SLC9A2
SL9A3+AF8-HUMAN	SLC9A3
SL9A6+AF8-HUMAN	SLC9A6
SL9A7+AF8-HUMAN	SLC9A7
SLAF1+AF8-HUMAN	SLAMF1
SLAF5+AF8-HUMAN	CD84
SLAF6+AF8-HUMAN	SLAMF6
SLAF7+AF8-HUMAN	SLAMF7
SLAF8+AF8-HUMAN	SLAMF8
SLAF9+AF8-HUMAN	SLAMF9
SLC31+AF8-HUMAN	SLC3A1
SLIK1+AF8-HUMAN	SLITRK1
SLIK2+AF8-HUMAN	SLITRK2
SLIK3+AF8-HUMAN	SLITRK3
SLIK4+AF8-HUMAN	SLITRK4
SLIK5+AF8-HUMAN	SLITRK5
SLIK6+AF8-HUMAN	SLITRK6
SMO+AF8-HUMAN	SMO
SN+AF8-HUMAN	SIGLEC1
SO1A2+AF8-HUMAN	SLCO1A2
SO1B1+AF8-HUMAN	SLCO1B1
SO1B3+AF8-HUMAN	SLCO1B3
SO1B7+AF8-HUMAN	SLCO1B7
SO1C1+AF8-HUMAN	SLCO1C1
SO2A1+AF8-HUMAN	SLCO2A1
SO2B1+AF8-HUMAN	SLCO2B1
SO3A1+AF8-HUMAN	SLCO3A1
SO4A1+AF8-HUMAN	SLCO4A1
SO4C1+AF8-HUMAN	SLCO4C1
SO5A1+AF8-HUMAN	SLCO5A1
SO6A1+AF8-HUMAN	SLCO6A1
SOAT+AF8-HUMAN	SLC10A6
SORC1+AF8-HUMAN	SORCS1
SORC2+AF8-HUMAN	SORCS2
SORC3+AF8-HUMAN	SORCS3
SORL+AF8-HUMAN	SORL1
SORT+AF8-HUMAN	SORT1
SPIT2+AF8-HUMAN	SPINT2
SPNS2+AF8-HUMAN	SPNS2
SPNS3+AF8-HUMAN	SPNS3
SPP2A+AF8-HUMAN	SPPL2A
SPP2B+AF8-HUMAN	SPPL2B
SPP2C+AF8-HUMAN	SPPL2C
SPRN+AF8-HUMAN	SPRN
SPX3+AF8-HUMAN	SLC37A3
SRCRM+AF8-HUMAN	SCART1
SREC2+AF8-HUMAN	SCARF2
SREC+AF8-HUMAN	SCARF1
SSPN+AF8-HUMAN	SSPN
SSR1+AF8-HUMAN	SSTR1
SSR2+AF8-HUMAN	SSTR2
SSR3+AF8-HUMAN	SSTR3
SSR4+AF8-HUMAN	SSTR4
SSR5+AF8-HUMAN	SSTR5
SSRA+AF8-HUMAN	SSR1
STAB1+AF8-HUMAN	STAB1
STAB2+AF8-HUMAN	STAB2
STEA4+AF8-HUMAN	STEAP4
STIM1+AF8-HUMAN	STIM1
STS+AF8-HUMAN	STS
STT3B+AF8-HUMAN	STT3B
SUCO+AF8-HUMAN	SUCO
SUCR1+AF8-HUMAN	SUCNR1
SUSD1+AF8-HUMAN	SUSD1
SUSD2+AF8-HUMAN	SUSD2
SUSD3+AF8-HUMAN	SUSD3
SUSD4+AF8-HUMAN	SUSD4
SUSD5+AF8-HUMAN	SUSD5
SV2A+AF8-HUMAN	SV2A
SV2B+AF8-HUMAN	SV2B
SV2C+AF8-HUMAN	SV2C
SVOPL+AF8-HUMAN	SVOPL
SYCY1+AF8-HUMAN	ERVW+AC0-1
SYCY2+AF8-HUMAN	ERVFRD+AC0-1
SYNPR+AF8-HUMAN	SYNPR
SYPH+AF8-HUMAN	SYP
SYPL1+AF8-HUMAN	SYPL1
T106A+AF8-HUMAN	TMEM106A
T106B+AF8-HUMAN	TMEM106B
T131L+AF8-HUMAN	TMEM131L
T132A+AF8-HUMAN	TMEM132A
T132B+AF8-HUMAN	TMEM132B
T132C+AF8-HUMAN	TMEM132C
T132D+AF8-HUMAN	TMEM132D
T132E+AF8-HUMAN	TMEM132E
T150A+AF8-HUMAN	TMEM150A
T150B+AF8-HUMAN	TMEM150B
T161A+AF8-HUMAN	TMEM161A
T178A+AF8-HUMAN	TMEM178A
T178B+AF8-HUMAN	TMEM178B
T179B+AF8-HUMAN	TMEM179B
T184A+AF8-HUMAN	TMEM184A
T255A+AF8-HUMAN	TMEM255A
T255B+AF8-HUMAN	TMEM255B
T2R10+AF8-HUMAN	TAS2R10
T2R14+AF8-HUMAN	TAS2R14
T2R16+AF8-HUMAN	TAS2R16
T2R19+AF8-HUMAN	TAS2R19
T2R20+AF8-HUMAN	TAS2R20
T2R30+AF8-HUMAN	TAS2R30
T2R38+AF8-HUMAN	TAS2R38
T2R39+AF8-HUMAN	TAS2R39
T2R46+AF8-HUMAN	TAS2R46
T4S18+AF8-HUMAN	TM4SF18
T4S1+AF8-HUMAN	TM4SF1
T4S20+AF8-HUMAN	TM4SF20
T4S4+AF8-HUMAN	TM4SF4
T4S5+AF8-HUMAN	TM4SF5
TA2R1+AF8-HUMAN	TAS2R1
TA2R3+AF8-HUMAN	TAS2R3
TA2R4+AF8-HUMAN	TAS2R4
TA2R7+AF8-HUMAN	TAS2R7
TA2R8+AF8-HUMAN	TAS2R8
TA2R9+AF8-HUMAN	TAS2R9
TA2R+AF8-HUMAN	TBXA2R
TAAR1+AF8-HUMAN	TAAR1
TAAR2+AF8-HUMAN	TAAR2
TAAR5+AF8-HUMAN	TAAR5
TAAR6+AF8-HUMAN	TAAR6
TAAR8+AF8-HUMAN	TAAR8
TAAR9+AF8-HUMAN	TAAR9
TACD2+AF8-HUMAN	TACSTD2
TACT+AF8-HUMAN	CD96
TARM1+AF8-HUMAN	TARM1
TDGF1+AF8-HUMAN	TDGF1
TECT2+AF8-HUMAN	TCTN2
TECT3+AF8-HUMAN	TCTN3
TECTA+AF8-HUMAN	TECTA
TECTB+AF8-HUMAN	TECTB
TEFF1+AF8-HUMAN	TMEFF1
TEFF2+AF8-HUMAN	TMEFF2
TEN1+AF8-HUMAN	TENM1
TEN2+AF8-HUMAN	TENM2
TEN3+AF8-HUMAN	TENM3
TEN4+AF8-HUMAN	TENM4
TEST+AF8-HUMAN	PRSS21
TFPI1+AF8-HUMAN	TFPI
TF+AF8-HUMAN	F3
TGBR3+AF8-HUMAN	TGFBR3
TGFA+AF8-HUMAN	TGFA
TGFR1+AF8-HUMAN	TGFBR1
TGFR2+AF8-HUMAN	TGFBR2
TGON2+AF8-HUMAN	TGOLN2
THS7A+AF8-HUMAN	THSD7A
THS7B+AF8-HUMAN	THSD7B
THSD1+AF8-HUMAN	THSD1
THY1+AF8-HUMAN	THY1
TIE1+AF8-HUMAN	TIE1
TIE2+AF8-HUMAN	TEK
TIGIT+AF8-HUMAN	TIGIT
TIKI1+AF8-HUMAN	TRABD2A
TIKI2+AF8-HUMAN	TRABD2B
TIMD4+AF8-HUMAN	TIMD4
TIP+AF8-HUMAN	ITFG1
TLR10+AF8-HUMAN	TLR10
TLR1+AF8-HUMAN	TLR1
TLR2+AF8-HUMAN	TLR2
TLR3+AF8-HUMAN	TLR3
TLR4+AF8-HUMAN	TLR4
TLR5+AF8-HUMAN	TLR5
TLR6+AF8-HUMAN	TLR6
TLR7+AF8-HUMAN	TLR7
TLR8+AF8-HUMAN	TLR8
TLR9+AF8-HUMAN	TLR9
TM104+AF8-HUMAN	TMEM104
TM108+AF8-HUMAN	TMEM108
TM114+AF8-HUMAN	TMEM114
TM116+AF8-HUMAN	TMEM116
TM11B+AF8-HUMAN	TMPRSS11B
TM11D+AF8-HUMAN	TMPRSS11D
TM11E+AF8-HUMAN	TMPRSS11E
TM140+AF8-HUMAN	TMEM140
TM145+AF8-HUMAN	TMEM145
TM154+AF8-HUMAN	TMEM154
TM158+AF8-HUMAN	TMEM158
TM171+AF8-HUMAN	TMEM171
TM182+AF8-HUMAN	TMEM182
TM204+AF8-HUMAN	TMEM204
TM213+AF8-HUMAN	TMEM213
TM217+AF8-HUMAN	TMEM217
TM219+AF8-HUMAN	TMEM219
TM225+AF8-HUMAN	TMEM225
TM231+AF8-HUMAN	TMEM231
TM235+AF8-HUMAN	TMEM235
TM245+AF8-HUMAN	TMEM245
TM7S3+AF8-HUMAN	TM7SF3
TM87A+AF8-HUMAN	TMEM87A
TM87B+AF8-HUMAN	TMEM87B
TM9S1+AF8-HUMAN	TM9SF1
TM9S2+AF8-HUMAN	TM9SF2
TM9S3+AF8-HUMAN	TM9SF3
TM9S4+AF8-HUMAN	TM9SF4
TMC7+AF8-HUMAN	TMC7
TMCO3+AF8-HUMAN	TMCO3
TMED7+AF8-HUMAN	TMED7
TMEM9+AF8-HUMAN	TMEM9
TMIG1+AF8-HUMAN	TMIGD1
TMIG2+AF8-HUMAN	TMIGD2
TMM25+AF8-HUMAN	TMEM25
TMM26+AF8-HUMAN	TMEM26
TMM62+AF8-HUMAN	TMEM62
TMM8B+AF8-HUMAN	TMEM8B
TMM95+AF8-HUMAN	TMEM95
TMM9B+AF8-HUMAN	TMEM9B
TMPS5+AF8-HUMAN	TMPRSS5
TMPS6+AF8-HUMAN	TMPRSS6
TMPSD+AF8-HUMAN	TMPRSS13
TMX3+AF8-HUMAN	TMX3
TMX4+AF8-HUMAN	TMX4
TN13B+AF8-HUMAN	TNFSF13B
TNF11+AF8-HUMAN	TNFSF11
TNF15+AF8-HUMAN	TNFSF15
TNF18+AF8-HUMAN	TNFSF18
TNFL4+AF8-HUMAN	TNFSF4
TNFL6+AF8-HUMAN	FASLG
TNFL8+AF8-HUMAN	TNFSF8
TNR11+AF8-HUMAN	TNFRSF11A
TNR14+AF8-HUMAN	TNFRSF14
TNR16+AF8-HUMAN	NGFR
TNR17+AF8-HUMAN	TNFRSF17
TNR18+AF8-HUMAN	TNFRSF18
TNR19+AF8-HUMAN	TNFRSF19
TNR1A+AF8-HUMAN	TNFRSF1A
TNR1B+AF8-HUMAN	TNFRSF1B
TNR21+AF8-HUMAN	TNFRSF21
TNR25+AF8-HUMAN	TNFRSF25
TNR27+AF8-HUMAN	EDA2R
TNR3+AF8-HUMAN	LTBR
TNR4+AF8-HUMAN	TNFRSF4
TNR5+AF8-HUMAN	CD40
TNR6+AF8-HUMAN	FAS
TNR8+AF8-HUMAN	TNFRSF8
TNR9+AF8-HUMAN	TNFRSF9
TPBGL+AF8-HUMAN	TPBGL
TPBG+AF8-HUMAN	TPBG
TPC1+AF8-HUMAN	TPCN1
TPOR+AF8-HUMAN	MPL
TPRA1+AF8-HUMAN	TPRA1
TR10A+AF8-HUMAN	TNFRSF10A
TR10C+AF8-HUMAN	TNFRSF10C
TR10D+AF8-HUMAN	TNFRSF10D
TR13B+AF8-HUMAN	TNFRSF13B
TR19L+AF8-HUMAN	RELT
TRAT1+AF8-HUMAN	TRAT1
TRBM+AF8-HUMAN	THBD
TREA+AF8-HUMAN	TREH
TREM1+AF8-HUMAN	TREM1
TREM2+AF8-HUMAN	TREM2
TRFM+AF8-HUMAN	MELTF
TRFR+AF8-HUMAN	TRHR
TRGC2+AF8-HUMAN	TRGC2
TRHDE+AF8-HUMAN	TRHDE
TRIL+AF8-HUMAN	TRIL
TRML2+AF8-HUMAN	TREML2
TRPV2+AF8-HUMAN	TRPV2
TRPV4+AF8-HUMAN	TRPV4
TRPV5+AF8-HUMAN	TRPV5
TRPV6+AF8-HUMAN	TRPV6
TRYG1+AF8-HUMAN	TPSG1
TS1R1+AF8-HUMAN	TAS1R1
TS1R2+AF8-HUMAN	TAS1R2
TS1R3+AF8-HUMAN	TAS1R3
TSCOT+AF8-HUMAN	SLC46A2
TSHR+AF8-HUMAN	TSHR
TSN11+AF8-HUMAN	TSPAN11
TSN13+AF8-HUMAN	TSPAN13
TSN14+AF8-HUMAN	TSPAN14
TSN15+AF8-HUMAN	TSPAN15
TSN17+AF8-HUMAN	TSPAN17
TSN18+AF8-HUMAN	TSPAN18
TSN1+AF8-HUMAN	TSPAN1
TSN2+AF8-HUMAN	TSPAN2
TSN31+AF8-HUMAN	TSPAN31
TSN33+AF8-HUMAN	TSPAN33
TSN3+AF8-HUMAN	TSPAN3
TSN4+AF8-HUMAN	TSPAN4
TSN5+AF8-HUMAN	TSPAN5
TSN6+AF8-HUMAN	TSPAN6
TSN7+AF8-HUMAN	TSPAN7
TSN8+AF8-HUMAN	TSPAN8
TSN9+AF8-HUMAN	TSPAN9
TTYH1+AF8-HUMAN	TTYH1
TTYH2+AF8-HUMAN	TTYH2
TTYH3+AF8-HUMAN	TTYH3
TUTLA+AF8-HUMAN	IGSF9
TUTLB+AF8-HUMAN	IGSF9B
TX101+AF8-HUMAN	TEX101
TXD15+AF8-HUMAN	TXNDC15
TYRO3+AF8-HUMAN	TYRO3
TYRO+AF8-HUMAN	TYR
TYRP1+AF8-HUMAN	TYRP1
TYRP2+AF8-HUMAN	DCT
UBAC2+AF8-HUMAN	UBAC2
UFO+AF8-HUMAN	AXL
UN93A+AF8-HUMAN	UNC93A
UN93B+AF8-HUMAN	UNC93B1
UNC5A+AF8-HUMAN	UNC5A
UNC5B+AF8-HUMAN	UNC5B
UNC5C+AF8-HUMAN	UNC5C
UNC5D+AF8-HUMAN	UNC5D
UPAR+AF8-HUMAN	PLAUR
UPK1A+AF8-HUMAN	UPK1A
UPK1B+AF8-HUMAN	UPK1B
UPK2+AF8-HUMAN	UPK2
UPK3A+AF8-HUMAN	UPK3A
UPK3B+AF8-HUMAN	UPK3B
UPK3L+AF8-HUMAN	UPK3BL1
UR2R+AF8-HUMAN	UTS2R
UROL1+AF8-HUMAN	UMODL1
UROM+AF8-HUMAN	UMOD
USH2A+AF8-HUMAN	USH2A
UT1+AF8-HUMAN	SLC14A1
UT2+AF8-HUMAN	SLC14A2
V1AR+AF8-HUMAN	AVPR1A
V1BR+AF8-HUMAN	AVPR1B
V2R+AF8-HUMAN	AVPR2
VACHT+AF8-HUMAN	SLC18A3
VASN+AF8-HUMAN	VASN
VCAM1+AF8-HUMAN	VCAM1
VGFR1+AF8-HUMAN	FLT1
VGFR2+AF8-HUMAN	KDR
VGFR3+AF8-HUMAN	FLT4
VGLU1+AF8-HUMAN	SLC17A7
VGLU2+AF8-HUMAN	SLC17A6
VGLU3+AF8-HUMAN	SLC17A8
VIAAT+AF8-HUMAN	SLC32A1
VIPR1+AF8-HUMAN	VIPR1
VIPR2+AF8-HUMAN	VIPR2
VLDLR+AF8-HUMAN	VLDLR
VMAT1+AF8-HUMAN	SLC18A1
VMAT2+AF8-HUMAN	SLC18A2
VN1R1+AF8-HUMAN	VN1R1
VN1R2+AF8-HUMAN	VN1R2
VN1R3+AF8-HUMAN	VN1R3
VN1R4+AF8-HUMAN	VN1R4
VNN1+AF8-HUMAN	VNN1
VNN2+AF8-HUMAN	VNN2
VPP2+AF8-HUMAN	ATP6V0A2
VPP3+AF8-HUMAN	TCIRG1
VS10L+AF8-HUMAN	VSIG10L
VSI10+AF8-HUMAN	VSIG10
VSIG1+AF8-HUMAN	VSIG1
VSIG2+AF8-HUMAN	VSIG2
VSIG8+AF8-HUMAN	VSIG8
VSTM1+AF8-HUMAN	VSTM1
VSTM4+AF8-HUMAN	VSTM4
VSTM5+AF8-HUMAN	VSTM5
VTCN1+AF8-HUMAN	VTCN1
X3CL1+AF8-HUMAN	CX3CL1
XCR1+AF8-HUMAN	XCR1
XKR3+AF8-HUMAN	XKR3
XPP2+AF8-HUMAN	XPNPEP2
YLAT2+AF8-HUMAN	SLC7A6
ZACN+AF8-HUMAN	ZACN
ZAN+AF8-HUMAN	ZAN
ZDH11+AF8-HUMAN	ZDHHC11
ZDHC5+AF8-HUMAN	ZDHHC5
ZFY27+AF8-HUMAN	ZFYVE27
ZH11B+AF8-HUMAN	ZDHHC11B
ZNRF4+AF8-HUMAN	ZNRF4
ZNT1+AF8-HUMAN	SLC30A1
ZP1+AF8-HUMAN	ZP1
ZP2+AF8-HUMAN	ZP2
ZP3+AF8-HUMAN	ZP3
ZP4+AF8-HUMAN	ZP4
ZPLD1+AF8-HUMAN	ZPLD1
